100.37141921730885,0.0,-641.3863032364931,-679.3962685400115,111.76837507020105,-0.0,-222.8950059165266,340.1510648835563,-0.0,0.0,-0.0,-0.0,-394.4672265292201,-113.18475752139028,-287.23928741529727,0.0,579.4767354680108,-0.0,-16.64214315190236,0.0,-393.78860048219246,-0.0,-0.0,12.724672950743752,-0.0,31.957201546111463,0.0,0.0
-100.37141921730885,-0.0,641.3863032364931,679.3962685400115,-111.76837507020105,0.0,222.8950059165266,-340.1510648835563,0.0,-0.0,0.0,0.0,394.4672265292201,113.18475752139028,287.23928741529727,-0.0,-579.4767354680108,0.0,16.64214315190236,-0.0,393.78860048219246,0.0,0.0,-12.724672950743752,0.0,-31.957201546111463,-0.0,-0.0
-100.37141921730885,-0.0,641.3863032364931,679.3962685400115,-111.76837507020105,0.0,222.8950059165266,-340.1510648835563,0.0,-0.0,0.0,0.0,394.4672265292201,113.18475752139028,287.23928741529727,-0.0,-579.4767354680108,0.0,16.64214315190236,-0.0,393.78860048219246,0.0,0.0,-12.724672950743752,0.0,-31.957201546111463,-0.0,-0.0
-100.37141921730885,-0.0,641.3863032364931,679.3962685400115,-111.76837507020105,0.0,222.8950059165266,-340.1510648835563,0.0,-0.0,0.0,0.0,394.4672265292201,113.18475752139028,287.23928741529727,-0.0,-579.4767354680108,0.0,16.64214315190236,-0.0,393.78860048219246,0.0,0.0,-12.724672950743752,0.0,-31.957201546111463,-0.0,-0.0
100.37141921730885,0.0,-641.3863032364931,-679.3962685400115,111.76837507020105,-0.0,-222.8950059165266,340.1510648835563,-0.0,0.0,-0.0,-0.0,-394.4672265292201,-113.18475752139028,-287.23928741529727,0.0,579.4767354680108,-0.0,-16.64214315190236,0.0,-393.78860048219246,-0.0,-0.0,12.724672950743752,-0.0,31.957201546111463,0.0,0.0
100.37141921730885,0.0,-641.3863032364931,-679.3962685400115,111.76837507020105,-0.0,-222.8950059165266,340.1510648835563,-0.0,0.0,-0.0,-0.0,-394.4672265292201,-113.18475752139028,-287.23928741529727,0.0,579.4767354680108,-0.0,-16.64214315190236,0.0,-393.78860048219246,-0.0,-0.0,12.724672950743752,-0.0,31.957201546111463,0.0,0.0
-100.37141921730885,-0.0,641.3863032364931,679.3962685400115,-111.76837507020105,0.0,222.8950059165266,-340.1510648835563,0.0,-0.0,0.0,0.0,394.4672265292201,113.18475752139028,287.23928741529727,-0.0,-579.4767354680108,0.0,16.64214315190236,-0.0,393.78860048219246,0.0,0.0,-12.724672950743752,0.0,-31.957201546111463,-0.0,-0.0
100.37141921730885,0.0,-641.3863032364931,-679.3962685400115,111.76837507020105,-0.0,-222.8950059165266,340.1510648835563,-0.0,0.0,-0.0,-0.0,-394.4672265292201,-113.18475752139028,-287.23928741529727,0.0,579.4767354680108,-0.0,-16.64214315190236,0.0,-393.78860048219246,-0.0,-0.0,12.724672950743752,-0.0,31.957201546111463,0.0,0.0
-100.37141921730885,-0.0,641.3863032364931,679.3962685400115,-111.76837507020105,0.0,222.8950059165266,-340.1510648835563,0.0,-0.0,0.0,0.0,394.4672265292201,113.18475752139028,287.23928741529727,-0.0,-579.4767354680108,0.0,16.64214315190236,-0.0,393.78860048219246,0.0,0.0,-12.724672950743752,0.0,-31.957201546111463,-0.0,-0.0
-100.37141921730885,-0.0,641.3863032364931,679.3962685400115,-111.76837507020105,0.0,222.8950059165266,-340.1510648835563,0.0,-0.0,0.0,0.0,394.4672265292201,113.18475752139028,287.23928741529727,-0.0,-579.4767354680108,0.0,16.64214315190236,-0.0,393.78860048219246,0.0,0.0,-12.724672950743752,0.0,-31.957201546111463,-0.0,-0.0
100.37141921730885,0.0,-641.3863032364931,-679.3962685400115,111.76837507020105,-0.0,-222.8950059165266,340.1510648835563,-0.0,0.0,-0.0,-0.0,-394.4672265292201,-113.18475752139028,-287.23928741529727,0.0,579.4767354680108,-0.0,-16.64214315190236,0.0,-393.78860048219246,-0.0,-0.0,12.724672950743752,-0.0,31.957201546111463,0.0,0.0
100.37141921730885,0.0,-641.3863032364931,-679.3962685400115,111.76837507020105,-0.0,-222.8950059165266,340.1510648835563,-0.0,0.0,-0.0,-0.0,-394.4672265292201,-113.18475752139028,-287.23928741529727,0.0,579.4767354680108,-0.0,-16.64214315190236,0.0,-393.78860048219246,-0.0,-0.0,12.724672950743752,-0.0,31.957201546111463,0.0,0.0
-100.37141921730885,-0.0,641.3863032364931,679.3962685400115,-111.76837507020105,0.0,222.8950059165266,-340.1510648835563,0.0,-0.0,0.0,0.0,394.4672265292201,113.18475752139028,287.23928741529727,-0.0,-579.4767354680108,0.0,16.64214315190236,-0.0,393.78860048219246,0.0,0.0,-12.724672950743752,0.0,-31.957201546111463,-0.0,-0.0
-100.37141921730885,-0.0,641.3863032364931,679.3962685400115,-111.76837507020105,0.0,222.8950059165266,-340.1510648835563,0.0,-0.0,0.0,0.0,394.4672265292201,113.18475752139028,287.23928741529727,-0.0,-579.4767354680108,0.0,16.64214315190236,-0.0,393.78860048219246,0.0,0.0,-12.724672950743752,0.0,-31.957201546111463,-0.0,-0.0
0.0,-150.44539592349915,-377.4828505382968,414.63378400013335,-0.0,-0.0,0.0,0.0,-0.0,643.1831207893916,-270.14789334242835,-0.0,0.0,37.91932308081266,-0.0,0.0,0.0,273.4648462228821,-89.05826154019661,248.9653264533764,0.0,0.0,-195.64675390240942,-0.0,0.0,-0.0,-668.7637559271956,-128.16173373628163
0.0,-0.0,-0.0,0.0,-0.0,-0.0,0.0,0.0,-0.0,0.0,-0.0,-0.0,0.0,0.0,-0.0,0.0,0.0,0.0,-0.0,0.0,0.0,0.0,-0.0,-0.0,0.0,-0.0,-0.0,-0.0
0.0,-68.04048206946575,-170.72051268781976,187.52240553776358,-0.0,-0.0,0.0,0.0,-0.0,290.88620046376604,-122.17717119383367,-0.0,0.0,17.14940498064997,-0.0,0.0,0.0,123.67729734659767,-40.277517369456774,112.59713683151475,0.0,0.0,-88.4832624430402,-0.0,0.0,-0.0,-302.4553065552834,-57.96246600134771
0.0,-275.3556428065795,-690.8954064057019,758.8916325544253,-0.0,-0.0,0.0,0.0,-0.0,1177.1985482185275,-494.4434913912087,-0.0,0.0,69.40258635110969,-0.0,0.0,0.0,500.5144095934573,-163.0006335727748,455.673682011371,0.0,0.0,-358.08631665413355,-0.0,0.0,-0.0,-1224.0180084521417,-234.57053211588047
0.0,-25.916206747662912,-65.0264073433142,71.42614637524316,-0.0,-0.0,0.0,0.0,-0.0,110.79678864656628,-46.53654313135676,-0.0,0.0,6.532104293796259,-0.0,0.0,0.0,47.107932080114,-15.341461960303567,42.887566174813536,0.0,0.0,-33.70273774427937,-0.0,0.0,-0.0,-115.20339095498765,-22.0775515811554
0.0,-0.0,-0.0,0.0,-0.0,-0.0,0.0,0.0,-0.0,0.0,-0.0,-0.0,0.0,0.0,-0.0,0.0,0.0,0.0,-0.0,0.0,0.0,0.0,-0.0,-0.0,0.0,-0.0,-0.0,-0.0
0.0,-172.35794871938805,-432.4636815646523,475.02569315155824,-0.0,-0.0,0.0,0.0,-0.0,736.8635156277205,-309.4952588050061,-0.0,0.0,43.442318077716315,-0.0,0.0,0.0,313.2953298604512,-102.0297044077601,285.2274255808858,0.0,0.0,-224.1429388332584,-0.0,0.0,-0.0,-766.1700010287956,-146.82864434308382
0.0,-26.31440739935231,-66.02553341269791,72.52360397431286,-0.0,-0.0,0.0,0.0,-0.0,112.49917333093502,-47.25157376769589,-0.0,0.0,6.632469606205543,-0.0,0.0,0.0,47.83174206653236,-15.577182419317573,43.546530542803964,0.0,0.0,-34.22057788439552,-0.0,0.0,-0.0,-116.97348276671629,-22.416771572449658
0.0,-0.0,-0.0,0.0,-0.0,-0.0,0.0,0.0,-0.0,0.0,-0.0,-0.0,0.0,0.0,-0.0,0.0,0.0,0.0,-0.0,0.0,0.0,0.0,-0.0,-0.0,0.0,-0.0,-0.0,-0.0
0.0,-0.0,-0.0,0.0,-0.0,-0.0,0.0,0.0,-0.0,0.0,-0.0,-0.0,0.0,0.0,-0.0,0.0,0.0,0.0,-0.0,0.0,0.0,0.0,-0.0,-0.0,0.0,-0.0,-0.0,-0.0
0.0,-0.0,-0.0,0.0,-0.0,-0.0,0.0,0.0,-0.0,0.0,-0.0,-0.0,0.0,0.0,-0.0,0.0,0.0,0.0,-0.0,0.0,0.0,0.0,-0.0,-0.0,0.0,-0.0,-0.0,-0.0
0.0,-0.0,-0.0,0.0,-0.0,-0.0,0.0,0.0,-0.0,0.0,-0.0,-0.0,0.0,0.0,-0.0,0.0,0.0,0.0,-0.0,0.0,0.0,0.0,-0.0,-0.0,0.0,-0.0,-0.0,-0.0
0.0,-103.77623764326526,-260.3851700695391,286.01163790485344,-0.0,-0.0,0.0,0.0,-0.0,443.6634566412223,-186.3462275215585,-0.0,0.0,26.156497905108125,-0.0,0.0,0.0,188.6342396488855,-61.43179893913868,171.73463318276984,0.0,0.0,-134.95583498902226,-0.0,0.0,-0.0,-461.3088093276966,-88.4051150608312
0.0,-146.11891604917122,-366.6272710389524,402.70982507349925,-0.0,-0.0,0.0,0.0,-0.0,624.6865838198073,-262.37903197938317,-0.0,0.0,36.82884645206493,-0.0,0.0,0.0,265.6005965643475,-86.49714111619757,241.80562929086742,0.0,0.0,-190.02038203479316,-0.0,0.0,-0.0,-649.5315759529393,-124.47608315013173
0.0,-182.94928128489948,-459.0384157616452,504.21584730871785,-0.0,-0.0,0.0,0.0,-0.0,782.1435076872177,-328.51362864409964,-0.0,0.0,46.111832548017425,-0.0,0.0,0.0,332.5472126684553,-108.2993922229868,302.7545459926641,0.0,0.0,-237.91643999773984,-0.0,0.0,-0.0,-813.2508658389569,-155.85121054287447
0.0,-0.0,-0.0,0.0,-0.0,-0.0,0.0,0.0,-0.0,0.0,-0.0,-0.0,0.0,0.0,-0.0,0.0,0.0,0.0,-0.0,0.0,0.0,0.0,-0.0,-0.0,0.0,-0.0,-0.0,-0.0
0.0,-487.16383248432874,-1222.3437682257559,1342.643834668744,-0.0,-0.0,0.0,0.0,-0.0,2082.71946236441,-874.7777374668634,-0.0,0.0,122.78822255653182,-0.0,0.0,0.0,885.5185080134972,-288.3834612551085,806.1855389207972,0.0,0.0,-633.5323315090468,-0.0,0.0,-0.0,-2165.5532385303004,-415.00612897819326
0.0,-0.0,-0.0,0.0,-0.0,-0.0,0.0,0.0,-0.0,0.0,-0.0,-0.0,0.0,0.0,-0.0,0.0,0.0,0.0,-0.0,0.0,0.0,0.0,-0.0,-0.0,0.0,-0.0,-0.0,-0.0
0.0,-51.807925335287855,-129.9913713942044,142.78480236038556,-0.0,-0.0,0.0,0.0,-0.0,221.48888567994672,-93.029113997524,-0.0,0.0,13.05803641830522,-0.0,0.0,0.0,94.17135199102562,-30.668427810919546,85.73460799379238,0.0,0.0,-67.37362985452611,-0.0,0.0,-0.0,-230.29792650910238,-44.134242138101904
0.0,-0.0,-0.0,0.0,-0.0,-0.0,0.0,0.0,-0.0,0.0,-0.0,-0.0,0.0,0.0,-0.0,0.0,0.0,0.0,-0.0,0.0,0.0,0.0,-0.0,-0.0,0.0,-0.0,-0.0,-0.0
0.0,-87.18322924290189,-218.75161876325603,240.28061490640206,-0.0,-0.0,0.0,0.0,-0.0,372.72514137594726,-156.55092380983342,-0.0,0.0,21.974278552008343,-0.0,0.0,0.0,158.47310070058754,-51.60933496284214,144.2756090771686,0.0,0.0,-113.37745293831951,-0.0,0.0,-0.0,-387.54914023419246,-74.26982888980996
0.0,-0.0,-0.0,0.0,-0.0,-0.0,0.0,0.0,-0.0,0.0,-0.0,-0.0,0.0,0.0,-0.0,0.0,0.0,0.0,-0.0,0.0,0.0,0.0,-0.0,-0.0,0.0,-0.0,-0.0,-0.0
0.0,-0.0,-0.0,0.0,-0.0,-0.0,0.0,0.0,-0.0,0.0,-0.0,-0.0,0.0,0.0,-0.0,0.0,0.0,0.0,-0.0,0.0,0.0,0.0,-0.0,-0.0,0.0,-0.0,-0.0,-0.0
0.0,-33.336461235363636,-83.64458305113821,91.87667713155695,-0.0,-0.0,0.0,0.0,-0.0,142.51980954165353,-59.86075359065432,-0.0,0.0,8.40235778699089,-0.0,0.0,0.0,60.59574099548657,-19.733985645086186,55.16701194686581,0.0,0.0,-43.35240960520252,-0.0,0.0,-0.0,-148.18809766979948,-28.39873325687597
0.0,-0.0,-0.0,0.0,-0.0,-0.0,0.0,0.0,-0.0,0.0,-0.0,-0.0,0.0,0.0,-0.0,0.0,0.0,0.0,-0.0,0.0,0.0,0.0,-0.0,-0.0,0.0,-0.0,-0.0,-0.0
0.0,-366.0963164781881,-918.5730162591915,1008.976712634324,-0.0,-0.0,0.0,0.0,-0.0,1565.1324515219844,-657.3823549063327,-0.0,0.0,92.27350839164832,-0.0,0.0,0.0,665.453882944873,-216.71584764478942,605.8363460435685,0.0,0.0,-476.0900491166107,-0.0,0.0,-0.0,-1627.380792454163,-311.870884092521
0.0,-0.0,-0.0,0.0,-0.0,-0.0,0.0,0.0,-0.0,0.0,-0.0,-0.0,0.0,0.0,-0.0,0.0,0.0,0.0,-0.0,0.0,0.0,0.0,-0.0,-0.0,0.0,-0.0,-0.0,-0.0
0.0,-0.0,-0.0,0.0,-0.0,-0.0,0.0,0.0,-0.0,0.0,-0.0,-0.0,0.0,0.0,-0.0,0.0,0.0,0.0,-0.0,0.0,0.0,0.0,-0.0,-0.0,0.0,-0.0,-0.0,-0.0
0.0,0.0,0.0,-0.0,-0.0,-0.0,-0.0,-0.0,-0.0,-0.0,-0.0,-0.0,0.0,-0.0,0.0,-0.0,-0.0,0.0,0.0,0.0,0.0,0.0,-0.0,0.0,0.0,0.0,-0.0,0.0
354.2177443155267,0.0,0.0,-0.0,-94.30394812808939,-38.65452535208229,-397.9307257285138,-91.08162481323023,-220.96050283592018,-0.0,-33.97518064092391,-0.0,137.42324683329988,-97.820015924447,0.0,-184.64619822004968,-0.0,257.24984124792434,34.5281649404864,114.25550837752444,249.61292898771634,0.0,-87.18838495035722,0.0,0.0,255.54015035753451,-0.0,0.0
833.5317807042126,0.0,0.0,-0.0,-221.91247918010774,-90.96036510327065,-936.3955130320912,-214.32982999399943,-519.9558868797459,-0.0,-79.94910834887628,-0.0,323.37917984447506,-230.18635675515117,0.0,-434.50244058220835,-0.0,605.3505836518854,81.25037005954093,268.86173513755415,587.3796909524425,0.0,-205.16840539659557,0.0,0.0,601.3274037994074,-0.0,0.0
510.9615390327672,0.0,0.0,-0.0,-136.03409554060173,-55.759419400761296,-574.0178161869537,-131.38587193621063,-318.7370491917701,-0.0,-49.0094323838813,-0.0,198.23398129449617,-141.106047585359,0.0,-266.35341434229326,-0.0,371.08467011999073,49.80711604964851,164.8143587960624,360.0683715167842,0.0,-125.76984658434314,0.0,0.0,368.6184292197446,-0.0,0.0
0.0,0.0,0.0,-0.0,-0.0,-0.0,-0.0,-0.0,-0.0,-0.0,-0.0,-0.0,0.0,-0.0,0.0,-0.0,-0.0,0.0,0.0,0.0,0.0,0.0,-0.0,0.0,0.0,0.0,-0.0,0.0
0.0,0.0,0.0,-0.0,-0.0,-0.0,-0.0,-0.0,-0.0,-0.0,-0.0,-0.0,0.0,-0.0,0.0,-0.0,-0.0,0.0,0.0,0.0,0.0,0.0,-0.0,0.0,0.0,0.0,-0.0,0.0
0.0,0.0,0.0,-0.0,-0.0,-0.0,-0.0,-0.0,-0.0,-0.0,-0.0,-0.0,0.0,-0.0,0.0,-0.0,-0.0,0.0,0.0,0.0,0.0,0.0,-0.0,0.0,0.0,0.0,-0.0,0.0
0.0,0.0,0.0,-0.0,-0.0,-0.0,-0.0,-0.0,-0.0,-0.0,-0.0,-0.0,0.0,-0.0,0.0,-0.0,-0.0,0.0,0.0,0.0,0.0,0.0,-0.0,0.0,0.0,0.0,-0.0,0.0
0.0,0.0,0.0,-0.0,-0.0,-0.0,-0.0,-0.0,-0.0,-0.0,-0.0,-0.0,0.0,-0.0,0.0,-0.0,-0.0,0.0,0.0,0.0,0.0,0.0,-0.0,0.0,0.0,0.0,-0.0,0.0
1282.2809905254971,0.0,0.0,-0.0,-341.38368830115945,-139.9307738028198,-1440.5235574341104,-329.71876185893586,-799.884977504319,-0.0,-122.99137743568134,-0.0,497.47710242789634,-354.11198034474535,0.0,-668.4258870427067,-0.0,931.2536894088512,124.99320051418981,413.609054900484,903.6077920061146,0.0,-315.625093351829,0.0,0.0,925.0645468161846,-0.0,0.0
1030.1339886549097,0.0,0.0,-0.0,-274.25419474344545,-112.4148663344007,-1157.2598275537277,-264.8830527768399,-642.5960522147211,-0.0,-98.80642319750632,-0.0,399.6534890363766,-284.47960270668,0.0,-536.9870022461414,-0.0,748.1324956140843,100.41460892877907,332.27720649107675,725.9228716924551,0.0,-253.56075519832228,0.0,0.0,743.1603824872067,-0.0,0.0
0.0,0.0,0.0,-0.0,-0.0,-0.0,-0.0,-0.0,-0.0,-0.0,-0.0,-0.0,0.0,-0.0,0.0,-0.0,-0.0,0.0,0.0,0.0,0.0,0.0,-0.0,0.0,0.0,0.0,-0.0,0.0
0.0,0.0,0.0,-0.0,-0.0,-0.0,-0.0,-0.0,-0.0,-0.0,-0.0,-0.0,0.0,-0.0,0.0,-0.0,-0.0,0.0,0.0,0.0,0.0,0.0,-0.0,0.0,0.0,0.0,-0.0,0.0
173.56566735534503,0.0,0.0,-0.0,-46.208661067288624,-18.940605310449943,-194.98490146429063,-44.62973198890789,-108.27000552441837,-0.0,-16.647739973770346,-0.0,67.33699237131773,-47.93152408963862,0.0,-90.4761015872277,-0.0,126.05167609412555,16.918700676701974,55.984867722788394,122.30961123642463,0.0,-42.72205574790043,0.0,0.0,125.21393251655498,-0.0,0.0
0.0,0.0,0.0,-0.0,-0.0,-0.0,-0.0,-0.0,-0.0,-0.0,-0.0,-0.0,0.0,-0.0,0.0,-0.0,-0.0,0.0,0.0,0.0,0.0,0.0,-0.0,0.0,0.0,0.0,-0.0,0.0
0.0,0.0,0.0,-0.0,-0.0,-0.0,-0.0,-0.0,-0.0,-0.0,-0.0,-0.0,0.0,-0.0,0.0,-0.0,-0.0,0.0,0.0,0.0,0.0,0.0,-0.0,0.0,0.0,0.0,-0.0,0.0
0.0,0.0,0.0,-0.0,-0.0,-0.0,-0.0,-0.0,-0.0,-0.0,-0.0,-0.0,0.0,-0.0,0.0,-0.0,-0.0,0.0,0.0,0.0,0.0,0.0,-0.0,0.0,0.0,0.0,-0.0,0.0
1483.734492902761,0.0,0.0,-0.0,-395.0169716227445,-161.91467957793876,-1666.8378505151686,-381.51942011306505,-925.5513730976643,-0.0,-142.3140094716347,-0.0,575.6335325528735,-409.744949406357,0.0,-773.4393256098638,-0.0,1077.558843052499,144.63033013162874,478.58934653726914,1045.5696208252546,0.0,-365.21155760083826,0.0,0.0,1070.3973516055505,-0.0,0.0
1784.9351682962424,0.0,0.0,-0.0,-475.20610196498546,-194.7836403510913,-2005.208825071659,-458.96852408918704,-1113.4399070785553,-0.0,-171.20400021853035,-0.0,692.4881380186129,-492.9238847823312,0.0,-930.4488501332227,-0.0,1296.3051570703544,173.99053798984403,575.7438139319942,1257.8220672500556,0.0,-439.3501372032247,0.0,0.0,1287.6898704390494,-0.0,0.0
1394.476256495926,0.0,0.0,-0.0,-371.25361072059576,-152.174245007849,-1566.5645148039566,-358.56804252014535,-869.8722177893593,-0.0,-133.75270853660533,-0.0,541.0046726199979,-385.0955854294719,0.0,-726.9108998693747,-0.0,1012.7352493330537,135.92968438925496,449.79845353090434,982.6704290616094,0.0,-343.2412255078845,0.0,0.0,1006.0045776181091,-0.0,0.0
0.0,0.0,0.0,-0.0,-0.0,-0.0,-0.0,-0.0,-0.0,-0.0,-0.0,-0.0,0.0,-0.0,0.0,-0.0,-0.0,0.0,0.0,0.0,0.0,0.0,-0.0,0.0,0.0,0.0,-0.0,0.0
0.0,0.0,0.0,-0.0,-0.0,-0.0,-0.0,-0.0,-0.0,-0.0,-0.0,-0.0,0.0,-0.0,0.0,-0.0,-0.0,0.0,0.0,0.0,0.0,0.0,-0.0,0.0,0.0,0.0,-0.0,0.0
249.52842040492357,0.0,0.0,-0.0,-66.43234448861719,-27.23015096616765,-280.32199689344714,-64.1623812818205,-155.65545806031483,-0.0,-23.933790145617134,-0.0,96.80770164547097,-68.90923577185062,0.0,-130.07387381074173,-0.0,181.21945488657488,24.32333951459408,80.48720592215538,175.83963785695929,0.0,-61.41979142337788,0.0,0.0,180.01506444000358,-0.0,0.0
0.0,0.0,0.0,-0.0,-0.0,-0.0,-0.0,-0.0,-0.0,-0.0,-0.0,-0.0,0.0,-0.0,0.0,-0.0,-0.0,0.0,0.0,0.0,0.0,0.0,-0.0,0.0,0.0,0.0,-0.0,0.0
0.0,0.0,0.0,-0.0,-0.0,-0.0,-0.0,-0.0,-0.0,-0.0,-0.0,-0.0,0.0,-0.0,0.0,-0.0,-0.0,0.0,0.0,0.0,0.0,0.0,-0.0,0.0,0.0,0.0,-0.0,0.0
0.0,0.0,0.0,-0.0,-0.0,-0.0,-0.0,-0.0,-0.0,-0.0,-0.0,-0.0,0.0,-0.0,0.0,-0.0,-0.0,0.0,0.0,0.0,0.0,0.0,-0.0,0.0,0.0,0.0,-0.0,0.0
516.3154234024704,0.0,0.0,-0.0,-137.45946861122502,-56.3436698016008,-580.0324078523695,-132.76254065278502,-322.0767943102451,-0.0,-49.522956032852576,-0.0,200.31108834252507,-142.58456486098,0.0,-269.1442807244552,-0.0,374.9729166188422,50.32899787391065,166.5412931190082,363.8411886057914,0.0,-127.08767026454132,0.0,0.0,372.48083430471434,-0.0,0.0
718.764430982364,0.0,0.0,-0.0,-191.3577868512935,-78.43621152652949,-807.4650585372076,-184.81917770193695,-448.36418457051184,-0.0,-68.94107303428582,-0.0,278.8537372817211,-198.49245051369104,0.0,-374.6766550420758,-0.0,522.0010536800283,70.06316658209849,231.84269219562168,506.5045378129941,0.0,-176.91917161917246,0.0,0.0,518.5318175400903,-0.0,0.0
283.5848786531674,-233.10038955306533,1526.8493646035063,-0.0,-0.0,-0.0,0.0,-478.082689737748,0.0,0.0,-0.0,1274.8430287473154,0.0,-20.79960145531893,-0.0,-404.2734649793017,0.0,0.0,-0.0,-0.0,-386.7620438510902,-1336.7467187027464,-173.59011778718735,-647.0284851261405,-0.0,-0.0,0.0,0.0
0.0,-0.0,0.0,-0.0,-0.0,-0.0,0.0,-0.0,0.0,0.0,-0.0,0.0,0.0,-0.0,-0.0,-0.0,0.0,0.0,-0.0,-0.0,-0.0,-0.0,-0.0,-0.0,-0.0,-0.0,0.0,0.0
0.0,-0.0,0.0,-0.0,-0.0,-0.0,0.0,-0.0,0.0,0.0,-0.0,0.0,0.0,-0.0,-0.0,-0.0,0.0,0.0,-0.0,-0.0,-0.0,-0.0,-0.0,-0.0,-0.0,-0.0,0.0,0.0
0.0,-0.0,0.0,-0.0,-0.0,-0.0,0.0,-0.0,0.0,0.0,-0.0,0.0,0.0,-0.0,-0.0,-0.0,0.0,0.0,-0.0,-0.0,-0.0,-0.0,-0.0,-0.0,-0.0,-0.0,0.0,0.0
272.51068448028946,-223.99765111389323,1467.224794997895,-0.0,-0.0,-0.0,0.0,-459.41321567413695,0.0,0.0,-0.0,1225.0594884283194,0.0,-19.987362007543616,-0.0,-388.4862944101739,0.0,0.0,-0.0,-0.0,-371.65870691490454,-1284.5457946154763,-166.8112984086718,-621.761555825466,-0.0,-0.0,0.0,0.0
112.93743848216948,-92.83203332402019,608.0664702765952,-0.0,-0.0,-0.0,0.0,-190.3960275247348,0.0,0.0,-0.0,507.7051598003618,0.0,-8.283423717689425,-0.0,-161.0015660846077,0.0,0.0,-0.0,-0.0,-154.0276574058536,-532.3582520574821,-69.13211784003582,-257.6785478908279,-0.0,-0.0,0.0,0.0
161.86320138287826,-133.04790959182466,871.4876736654121,-0.0,-0.0,-0.0,0.0,-272.87771849546357,0.0,0.0,-0.0,727.6487197544037,0.0,-11.871895620934907,-0.0,-230.74924723236057,0.0,0.0,-0.0,-0.0,-220.75416322774865,-762.9818076157416,-99.08092535437885,-369.3077800404129,-0.0,-0.0,0.0,0.0
81.02461057079275,-66.60040682400557,436.244611330512,-0.0,-0.0,-0.0,0.0,-136.59566032085226,0.0,0.0,-0.0,364.24248159392283,0.0,-5.942769642545208,-0.0,-115.5072168150214,0.0,0.0,-0.0,-0.0,-110.50393143466869,-381.9293286337055,-49.59739658702638,-184.86610176303896,-0.0,-0.0,0.0,0.0
89.88560010136787,-73.88394084462189,483.95306566972874,-0.0,-0.0,-0.0,0.0,-151.5339945812501,0.0,0.0,-0.0,404.0766602867594,0.0,-6.592681060992617,-0.0,-128.13928294521918,0.0,0.0,-0.0,-0.0,-122.5888297468237,-423.69777106868577,-55.02145242395558,-205.08337378373307,-0.0,-0.0,0.0,0.0
0.0,-0.0,0.0,-0.0,-0.0,-0.0,0.0,-0.0,0.0,0.0,-0.0,0.0,0.0,-0.0,-0.0,-0.0,0.0,0.0,-0.0,-0.0,-0.0,-0.0,-0.0,-0.0,-0.0,-0.0,0.0,0.0
218.4164201200522,-179.53338293836947,1175.9758625463983,-0.0,-0.0,-0.0,0.0,-368.21818606765214,0.0,0.0,-0.0,981.8811633272657,0.0,-16.019805115740247,-0.0,-311.3704912253161,0.0,0.0,-0.0,-0.0,-297.88323502109364,-1029.5592426963112,-133.6987087441525,-498.3398484014113,-0.0,-0.0,0.0,0.0
0.0,-0.0,0.0,-0.0,-0.0,-0.0,0.0,-0.0,0.0,0.0,-0.0,0.0,0.0,-0.0,-0.0,-0.0,0.0,0.0,-0.0,-0.0,-0.0,-0.0,-0.0,-0.0,-0.0,-0.0,0.0,0.0
258.97255222354363,-212.8696110087368,1394.3341361859652,-0.0,-0.0,-0.0,0.0,-436.5899018427734,0.0,0.0,-0.0,1164.1994256078337,0.0,-18.994404425577127,-0.0,-369.18657835064295,0.0,0.0,-0.0,-0.0,-353.19497314174663,-1220.73049544467,-158.52423464057418,-590.8728947405681,-0.0,-0.0,0.0,0.0
312.6348235687003,-256.97879064576824,1683.257175015343,-0.0,-0.0,-0.0,0.0,-527.0566543155179,0.0,0.0,-0.0,1405.4357455979007,0.0,-22.930276685294928,-0.0,-445.68654012010904,0.0,0.0,-0.0,-0.0,-426.3812792724342,-1473.6807425786365,-191.3723894779362,-713.3089650338275,-0.0,-0.0,0.0,0.0
0.0,-0.0,0.0,-0.0,-0.0,-0.0,0.0,-0.0,0.0,0.0,-0.0,0.0,0.0,-0.0,-0.0,-0.0,0.0,0.0,-0.0,-0.0,-0.0,-0.0,-0.0,-0.0,-0.0,-0.0,0.0,0.0
48.06478199615565,-39.50816933645381,258.7855960415703,-0.0,-0.0,-0.0,0.0,-81.03020290614471,0.0,0.0,-0.0,216.07305913867043,0.0,-3.52532305073827,-0.0,-68.5202823695888,0.0,0.0,-0.0,-0.0,-65.55227278117995,-226.56511138276906,-29.421777380212763,-109.66481439557332,-0.0,-0.0,0.0,0.0
0.0,-0.0,0.0,-0.0,-0.0,-0.0,0.0,-0.0,0.0,0.0,-0.0,0.0,0.0,-0.0,-0.0,-0.0,0.0,0.0,-0.0,-0.0,-0.0,-0.0,-0.0,-0.0,-0.0,-0.0,0.0,0.0
30.99838598782978,-25.479975813931496,166.89841212280555,-0.0,-0.0,-0.0,0.0,-52.25875166889847,0.0,0.0,-0.0,139.35184579194376,0.0,-2.273584111279626,-0.0,-44.19073743135849,0.0,0.0,-0.0,-0.0,-42.27658109867325,-146.1184776533565,-18.974966156151105,-70.72605148171876,-0.0,-0.0,0.0,0.0
41.90463875750017,-34.44467019837226,225.61876840789012,-0.0,-0.0,-0.0,0.0,-70.64510105341826,0.0,0.0,-0.0,188.38041310908588,0.0,-3.0735058562523236,-0.0,-59.738493778858334,0.0,0.0,-0.0,-0.0,-57.15087422737431,-197.52776884137523,-25.65098397450376,-95.6098049507925,-0.0,-0.0,0.0,0.0
44.99026944527348,-36.980989196595466,242.2321128055292,-0.0,-0.0,-0.0,0.0,-75.84702375731601,0.0,0.0,-0.0,202.25172666529141,0.0,-3.299822184713829,-0.0,-64.13731298147962,0.0,0.0,-0.0,-0.0,-61.35915513798104,-212.0726441414934,-27.539783536321814,-102.64999326778121,-0.0,-0.0,0.0,0.0
278.1399221948731,-228.62475785663705,1497.533174163013,-0.0,-0.0,-0.0,0.0,-468.90328834847304,0.0,0.0,-0.0,1250.3654726249429,0.0,-20.40023980806905,-0.0,-396.51123370480474,0.0,0.0,-0.0,-0.0,-379.33603969144787,-1311.0805840566672,-170.25710991515123,-634.6052489313195,-0.0,-0.0,0.0,0.0
0.0,-0.0,0.0,-0.0,-0.0,-0.0,0.0,-0.0,0.0,0.0,-0.0,0.0,0.0,-0.0,-0.0,-0.0,0.0,0.0,-0.0,-0.0,-0.0,-0.0,-0.0,-0.0,-0.0,-0.0,0.0,0.0
458.64515123274606,-376.9959947326111,2469.3913902040695,-0.0,-0.0,-0.0,0.0,-773.2087429270213,0.0,0.0,-0.0,2061.818586712906,0.0,-33.639439452351226,-0.0,-653.8362178033824,0.0,0.0,-0.0,-0.0,-625.5147909706362,-2161.936150725188,-280.7493340376155,-1046.4467598623803,-0.0,-0.0,0.0,0.0
0.0,-0.0,0.0,-0.0,-0.0,-0.0,0.0,-0.0,0.0,0.0,-0.0,0.0,0.0,-0.0,-0.0,-0.0,0.0,0.0,-0.0,-0.0,-0.0,-0.0,-0.0,-0.0,-0.0,-0.0,0.0,0.0
0.0,-0.0,0.0,-0.0,-0.0,-0.0,0.0,-0.0,0.0,0.0,-0.0,0.0,0.0,-0.0,-0.0,-0.0,0.0,0.0,-0.0,-0.0,-0.0,-0.0,-0.0,-0.0,-0.0,-0.0,0.0,0.0
175.821703524254,-144.5214842837651,946.6416460020051,-0.0,-0.0,-0.0,0.0,-296.40971456010806,0.0,0.0,-0.0,790.3985364272843,0.0,-12.895685333675251,-0.0,-250.64823498310236,0.0,0.0,-0.0,-0.0,-239.7912107704033,-828.7786231021898,-107.62530911123491,-401.15555887142096,-0.0,-0.0,0.0,0.0
0.0,-0.0,0.0,-0.0,-0.0,-0.0,0.0,-0.0,0.0,0.0,-0.0,0.0,0.0,-0.0,-0.0,-0.0,0.0,0.0,-0.0,-0.0,-0.0,-0.0,-0.0,-0.0,-0.0,-0.0,0.0,0.0
0.0,-0.0,0.0,-0.0,-0.0,-0.0,0.0,-0.0,0.0,0.0,-0.0,0.0,0.0,-0.0,-0.0,-0.0,0.0,0.0,-0.0,-0.0,-0.0,-0.0,-0.0,-0.0,-0.0,-0.0,0.0,0.0
-0.0,-198.10073129890844,145.51952768026587,-123.71498568029672,-74.07191007114456,-0.0,0.0,0.0,-342.1606036517184,0.0,-0.0,307.1225222045772,97.65620835793027,269.13969739079636,-0.0,-0.0,199.05922185831022,-151.31757878733242,0.0,0.0,-0.0,0.0,171.73528602091307,57.33799830155954,333.9993066377896,0.0,0.0,0.0
-0.0,-471.2553176366186,346.17162081961624,-294.3015126239426,-176.20723194534023,-0.0,0.0,0.0,-813.9546123801524,0.0,-0.0,730.6036722120621,232.31114386682643,640.2475788499122,-0.0,-0.0,473.53543932047575,-359.9644140022482,0.0,0.0,-0.0,0.0,408.53542656077457,136.399479320843,794.5399711952966,0.0,0.0,0.0
-0.0,-1436.8724279065464,1055.4882643530636,-897.3346573600007,-537.2614455572548,-0.0,0.0,0.0,-2481.773459791984,0.0,-0.0,2227.6337964599156,708.3240545522409,1952.135198594684,-0.0,-0.0,1443.8245913245355,-1097.5429287488575,0.0,0.0,-0.0,0.0,1245.6374883834376,415.88634373363993,2422.5776023189683,0.0,0.0,0.0
-0.0,-0.0,0.0,-0.0,-0.0,-0.0,0.0,0.0,-0.0,0.0,-0.0,0.0,0.0,0.0,-0.0,-0.0,0.0,-0.0,0.0,0.0,-0.0,0.0,0.0,0.0,0.0,0.0,0.0,0.0
-0.0,-0.0,0.0,-0.0,-0.0,-0.0,0.0,0.0,-0.0,0.0,-0.0,0.0,0.0,0.0,-0.0,-0.0,0.0,-0.0,0.0,0.0,-0.0,0.0,0.0,0.0,0.0,0.0,0.0,0.0
-0.0,-0.0,0.0,-0.0,-0.0,-0.0,0.0,0.0,-0.0,0.0,-0.0,0.0,0.0,0.0,-0.0,-0.0,0.0,-0.0,0.0,0.0,-0.0,0.0,0.0,0.0,0.0,0.0,0.0,0.0
-0.0,-0.0,0.0,-0.0,-0.0,-0.0,0.0,0.0,-0.0,0.0,-0.0,0.0,0.0,0.0,-0.0,-0.0,0.0,-0.0,0.0,0.0,-0.0,0.0,0.0,0.0,0.0,0.0,0.0,0.0
-0.0,-821.110515203273,603.165942711179,-512.7879890409761,-307.02170477521685,-0.0,0.0,0.0,-1418.2263119604825,0.0,-0.0,1272.9964739878706,404.7765953805954,1115.5609277017722,-0.0,-0.0,825.0833762416322,-627.1983665214416,0.0,0.0,-0.0,0.0,711.8280092083153,237.66107786386232,1384.3984368592917,0.0,0.0,0.0
-0.0,-0.0,0.0,-0.0,-0.0,-0.0,0.0,0.0,-0.0,0.0,-0.0,0.0,0.0,0.0,-0.0,-0.0,0.0,-0.0,0.0,0.0,-0.0,0.0,0.0,0.0,0.0,0.0,0.0,0.0
-0.0,-0.0,0.0,-0.0,-0.0,-0.0,0.0,0.0,-0.0,0.0,-0.0,0.0,0.0,0.0,-0.0,-0.0,0.0,-0.0,0.0,0.0,-0.0,0.0,0.0,0.0,0.0,0.0,0.0,0.0
-0.0,-0.0,0.0,-0.0,-0.0,-0.0,0.0,0.0,-0.0,0.0,-0.0,0.0,0.0,0.0,-0.0,-0.0,0.0,-0.0,0.0,0.0,-0.0,0.0,0.0,0.0,0.0,0.0,0.0,0.0
-0.0,-469.9611227478283,345.2209396802376,-293.4932808668744,-175.7233191057033,-0.0,0.0,0.0,-811.7192723009514,0.0,-0.0,728.5972364161748,231.67315447180104,638.4892853875415,-0.0,-0.0,472.23498259925907,-358.97585411270796,0.0,0.0,-0.0,0.0,407.413477500133,136.0248893642649,792.3579489853033,0.0,0.0,0.0
-0.0,-0.0,0.0,-0.0,-0.0,-0.0,0.0,0.0,-0.0,0.0,-0.0,0.0,0.0,0.0,-0.0,-0.0,0.0,-0.0,0.0,0.0,-0.0,0.0,0.0,0.0,0.0,0.0,0.0,0.0
-0.0,-974.8284354280976,716.0830379709506,-608.7856674681427,-364.4984232535363,-0.0,0.0,0.0,-1683.7286956788532,0.0,-0.0,1511.3107651969017,480.5537474758733,1324.4021281435184,-0.0,-0.0,979.5450452369954,-744.61450805778,0.0,0.0,-0.0,0.0,845.0874415347804,282.1529774695798,1643.5679938632304,0.0,0.0,0.0
-0.0,-0.0,0.0,-0.0,-0.0,-0.0,0.0,0.0,-0.0,0.0,-0.0,0.0,0.0,0.0,-0.0,-0.0,0.0,-0.0,0.0,0.0,-0.0,0.0,0.0,0.0,0.0,0.0,0.0,0.0
-0.0,-278.760331432971,204.76992437202495,-174.08734528813324,-104.23136787995924,-0.0,0.0,0.0,-481.4762805359922,0.0,-0.0,432.1719335356622,137.41835696339965,378.7238479863265,-0.0,-0.0,280.10908539396,-212.92873649590567,0.0,0.0,-0.0,0.0,241.65981082468417,80.68400003091729,469.9919924891552,0.0,0.0,0.0
-0.0,-0.0,0.0,-0.0,-0.0,-0.0,0.0,0.0,-0.0,0.0,-0.0,0.0,0.0,0.0,-0.0,-0.0,0.0,-0.0,0.0,0.0,-0.0,0.0,0.0,0.0,0.0,0.0,0.0,0.0
-0.0,-0.0,0.0,-0.0,-0.0,-0.0,0.0,0.0,-0.0,0.0,-0.0,0.0,0.0,0.0,-0.0,-0.0,0.0,-0.0,0.0,0.0,-0.0,0.0,0.0,0.0,0.0,0.0,0.0,0.0
-0.0,-0.0,0.0,-0.0,-0.0,-0.0,0.0,0.0,-0.0,0.0,-0.0,0.0,0.0,0.0,-0.0,-0.0,0.0,-0.0,0.0,0.0,-0.0,0.0,0.0,0.0,0.0,0.0,0.0,0.0
-0.0,-0.0,0.0,-0.0,-0.0,-0.0,0.0,0.0,-0.0,0.0,-0.0,0.0,0.0,0.0,-0.0,-0.0,0.0,-0.0,0.0,0.0,-0.0,0.0,0.0,0.0,0.0,0.0,0.0,0.0
-0.0,-492.2052720080236,361.56090002651626,-307.384873235825,-184.0406363251142,-0.0,0.0,0.0,-850.1394814979747,0.0,-0.0,763.0831223606248,242.63868327452334,668.7101914960172,-0.0,-0.0,494.586757949111,-375.9668605878836,0.0,0.0,-0.0,0.0,426.69712835010125,142.4632047815677,829.8617501118248,0.0,0.0,0.0
-0.0,-905.5299164458346,665.1781892855363,-565.5083649193678,-338.58699106214004,-0.0,0.0,0.0,-1564.0359366886605,0.0,-0.0,1403.8748370439619,446.3921844959937,1230.2531449155126,-0.0,-0.0,909.9112323071054,-691.6814167098138,0.0,0.0,-0.0,0.0,785.0119390355618,262.0953111618761,1526.7301753486804,0.0,0.0,0.0
-0.0,-680.1689908855983,499.63404802928517,-424.76923944630255,-254.32221272338532,-0.0,0.0,0.0,-1174.7913850728871,0.0,-0.0,1054.4898781364473,335.29772584384784,924.0777415674385,-0.0,-0.0,683.4599204661561,-519.5413676274452,0.0,0.0,-0.0,0.0,589.6445481366968,196.8671604009712,1146.76997839819,0.0,0.0,0.0
-0.0,-38.966930826014355,28.624070854111213,-24.335060539839827,-14.570138014977386,-0.0,0.0,0.0,-67.30388366798167,0.0,-0.0,60.41180160914813,19.20923103546,52.94048084525868,-0.0,-0.0,39.15546842040235,-29.76456263792929,0.0,0.0,-0.0,0.0,33.78077893445709,11.278533899744925,65.69853524696816,0.0,0.0,0.0
-0.0,-0.0,0.0,-0.0,-0.0,-0.0,0.0,0.0,-0.0,0.0,-0.0,0.0,0.0,0.0,-0.0,-0.0,0.0,-0.0,0.0,0.0,-0.0,0.0,0.0,0.0,0.0,0.0,0.0,0.0
-0.0,-0.0,0.0,-0.0,-0.0,-0.0,0.0,0.0,-0.0,0.0,-0.0,0.0,0.0,0.0,-0.0,-0.0,0.0,-0.0,0.0,0.0,-0.0,0.0,0.0,0.0,0.0,0.0,0.0,0.0
-0.0,-0.0,0.0,-0.0,-0.0,-0.0,0.0,0.0,-0.0,0.0,-0.0,0.0,0.0,0.0,-0.0,-0.0,0.0,-0.0,0.0,0.0,-0.0,0.0,0.0,0.0,0.0,0.0,0.0,0.0
-0.0,-0.0,0.0,-0.0,-0.0,-0.0,0.0,0.0,-0.0,0.0,-0.0,0.0,0.0,0.0,-0.0,-0.0,0.0,-0.0,0.0,0.0,-0.0,0.0,0.0,0.0,0.0,0.0,0.0,0.0
0.0,-0.0,0.0,0.0,-0.0,-0.0,-0.0,0.0,0.0,0.0,0.0,0.0,0.0,0.0,-0.0,0.0,0.0,0.0,-0.0,0.0,0.0,0.0,0.0,-0.0,0.0,0.0,-0.0,0.0
121.54624061839422,-0.0,0.0,361.4098340894561,-226.86127765968558,-0.0,-257.2799069151224,259.38477492039965,0.0,131.41753737465478,0.0,0.0,0.0,0.0,-0.0,91.93484115356114,103.35677848901832,0.0,-0.0,37.86829943326302,325.60648438852513,74.26894889221148,69.36549912625924,-0.0,384.1220532884254,53.83665516762994,-12.287632992694853,90.81057806877652
313.4461680758159,-0.0,0.0,932.0117761265647,-585.0349447702365,-0.0,-663.4791873048152,668.9072680681761,0.0,338.9024892787347,0.0,0.0,0.0,0.0,-0.0,237.08362780807875,266.53877567267955,0.0,-0.0,97.65561886993964,839.6812958835017,191.52642910914778,178.8813030100573,-0.0,990.5825557754872,138.8351723464075,-31.687623218017507,234.18435298031
140.56003316083388,-0.0,0.0,417.94610845888747,-262.34977362128984,-0.0,-297.5268676646597,299.9610056117956,0.0,151.97552237992568,0.0,0.0,0.0,0.0,-0.0,106.31644595040598,119.52514646195323,0.0,-0.0,43.79213537994292,376.5419482345342,85.88703250711399,80.2165234218628,-0.0,444.2112588043118,62.25846227024522,-14.209819177739064,105.01631148573779
267.2748320891442,-0.0,0.0,794.7243142212537,-498.8579620852961,-0.0,-565.7471886484946,570.3757007260219,0.0,288.9813790757762,0.0,0.0,0.0,0.0,-0.0,202.16066829747433,227.27700565135092,0.0,-0.0,83.2707233151159,715.9943244588467,163.31414894949057,152.53167878682143,-0.0,844.6674843422857,118.38443457371613,-27.01996399219388,199.6884632693218
0.0,-0.0,0.0,0.0,-0.0,-0.0,-0.0,0.0,0.0,0.0,0.0,0.0,0.0,0.0,-0.0,0.0,0.0,0.0,-0.0,0.0,0.0,0.0,0.0,-0.0,0.0,0.0,-0.0,0.0
0.0,-0.0,0.0,0.0,-0.0,-0.0,-0.0,0.0,0.0,0.0,0.0,0.0,0.0,0.0,-0.0,0.0,0.0,0.0,-0.0,0.0,0.0,0.0,0.0,-0.0,0.0,0.0,-0.0,0.0
0.0,-0.0,0.0,0.0,-0.0,-0.0,-0.0,0.0,0.0,0.0,0.0,0.0,0.0,0.0,-0.0,0.0,0.0,0.0,-0.0,0.0,0.0,0.0,0.0,-0.0,0.0,0.0,-0.0,0.0
321.1387394771009,-0.0,0.0,954.8851364190341,-599.392826739313,-0.0,-679.762241753815,685.3235380517617,0.0,347.219807728834,0.0,0.0,0.0,0.0,-0.0,242.90211570405518,273.0801495094056,0.0,-0.0,100.05227544897934,860.2886887336354,196.22685578910932,183.27139399189036,-0.0,1014.8933555723033,142.24245431396412,-32.46529839470895,239.93168709966994
0.0,-0.0,0.0,0.0,-0.0,-0.0,-0.0,0.0,0.0,0.0,0.0,0.0,0.0,0.0,-0.0,0.0,0.0,0.0,-0.0,0.0,0.0,0.0,0.0,-0.0,0.0,0.0,-0.0,0.0
0.0,-0.0,0.0,0.0,-0.0,-0.0,-0.0,0.0,0.0,0.0,0.0,0.0,0.0,0.0,-0.0,0.0,0.0,0.0,-0.0,0.0,0.0,0.0,0.0,-0.0,0.0,0.0,-0.0,0.0
5.126761634724147,-0.0,0.0,15.244091980097323,-9.568898953952228,-0.0,-10.851942021794102,10.94072433608627,0.0,5.543128156942316,0.0,0.0,0.0,0.0,-0.0,3.8777671289753357,4.35953892074545,0.0,-0.0,1.5972665523751175,13.733924008570881,3.132628338767855,2.925803199545271,-0.0,16.202082399515522,2.270804073009799,-0.5182864158365845,3.830346255889623
69.39939582475608,-0.0,0.0,206.35458573893447,-129.5312428053146,-0.0,-146.8994022926356,148.10122118159427,0.0,75.03562140776012,0.0,0.0,0.0,0.0,-0.0,52.49214125291928,59.01373785842543,0.0,-0.0,21.621706177078522,185.91190626892012,42.40542657210864,39.60569825897619,-0.0,219.32260747476556,30.739176488308658,-7.0158838436366295,51.85021947537052
184.22841828219862,-0.0,0.0,547.7912089027304,-343.85509695803466,-0.0,-389.96080887088556,393.15117083792074,0.0,199.19040623466572,0.0,0.0,0.0,0.0,-0.0,139.3462297523547,156.65853359921857,0.0,-0.0,57.397224892622035,493.52384159422036,112.56992328418369,105.13773295142164,-0.0,582.2162655512655,81.60056433399586,-18.624444319783834,137.6421769672652
0.0,-0.0,0.0,0.0,-0.0,-0.0,-0.0,0.0,0.0,0.0,0.0,0.0,0.0,0.0,-0.0,0.0,0.0,0.0,-0.0,0.0,0.0,0.0,0.0,-0.0,0.0,0.0,-0.0,0.0
0.0,-0.0,0.0,0.0,-0.0,-0.0,-0.0,0.0,0.0,0.0,0.0,0.0,0.0,0.0,-0.0,0.0,0.0,0.0,-0.0,0.0,0.0,0.0,0.0,-0.0,0.0,0.0,-0.0,0.0
141.45436443275776,-0.0,0.0,420.60534427698076,-264.01900776598586,-0.0,-299.4199205902064,301.86954605279993,0.0,152.94248616881305,0.0,0.0,0.0,0.0,-0.0,106.99289799865255,120.2856405644261,0.0,-0.0,44.07076846826749,378.9377447630677,86.43349978729714,80.72691135937202,-0.0,447.0376100163579,62.65458973619752,-14.30023097811545,105.68449126139512
727.4406992943841,-0.0,0.0,2162.997564583784,-1357.7394547454605,-0.0,-1539.7915595622908,1552.3889599087852,0.0,786.519309860887,0.0,0.0,0.0,0.0,-0.0,550.2197747788159,618.578796335787,0.0,-0.0,226.6375502909068,1948.7185082261567,444.491379109204,415.14477893011644,-0.0,2298.9276643759877,322.2063790995162,-73.5401135518623,543.4911855569226
0.0,-0.0,0.0,0.0,-0.0,-0.0,-0.0,0.0,0.0,0.0,0.0,0.0,0.0,0.0,-0.0,0.0,0.0,0.0,-0.0,0.0,0.0,0.0,0.0,-0.0,0.0,0.0,-0.0,0.0
0.0,-0.0,0.0,0.0,-0.0,-0.0,-0.0,0.0,0.0,0.0,0.0,0.0,0.0,0.0,-0.0,0.0,0.0,0.0,-0.0,0.0,0.0,0.0,0.0,-0.0,0.0,0.0,-0.0,0.0
0.0,-0.0,0.0,0.0,-0.0,-0.0,-0.0,0.0,0.0,0.0,0.0,0.0,0.0,0.0,-0.0,0.0,0.0,0.0,-0.0,0.0,0.0,0.0,0.0,-0.0,0.0,0.0,-0.0,0.0
0.0,-0.0,0.0,0.0,-0.0,-0.0,-0.0,0.0,0.0,0.0,0.0,0.0,0.0,0.0,-0.0,0.0,0.0,0.0,-0.0,0.0,0.0,0.0,0.0,-0.0,0.0,0.0,-0.0,0.0
440.72008777250085,-0.0,0.0,1310.4524910961773,-822.5867101580061,-0.0,-932.883012924498,940.5151503506795,0.0,476.5128753627505,0.0,0.0,0.0,0.0,-0.0,333.3507565220134,374.76608289824435,0.0,-0.0,137.308403494113,1180.6314835317862,269.2951876423017,251.51554427164956,-0.0,1392.805768235406,195.20879683435487,-44.554291959213515,329.2742394460038
362.84989030651195,-0.0,0.0,1078.9105281073425,-677.2450492488097,-0.0,-768.0532571576223,774.3368832158103,0.0,392.3185018157528,0.0,0.0,0.0,0.0,-0.0,274.4514915327454,308.5492035489515,0.0,-0.0,113.04757946889731,972.0274073666878,221.71380884848713,207.07562505401438,-0.0,1146.7129233359801,160.71763571343035,-36.68205829190629,271.09524838680954
405.44649965464123,-0.0,0.0,1205.5687730596837,-756.7499452581123,-0.0,-858.2185443127728,865.2398339934143,0.0,438.3745663436275,0.0,0.0,0.0,0.0,-0.0,306.670608258828,344.77120675018887,0.0,-0.0,126.31875222940289,1086.1381535826986,247.74180762954484,231.38518044204102,-0.0,1281.3308017885051,179.58501455721853,-40.98833300464139,302.92036036882564
0.0,-0.0,0.0,0.0,-0.0,-0.0,-0.0,0.0,0.0,0.0,0.0,0.0,0.0,0.0,-0.0,0.0,0.0,0.0,-0.0,0.0,0.0,0.0,0.0,-0.0,0.0,0.0,-0.0,0.0
0.0,-0.0,0.0,0.0,-0.0,-0.0,-0.0,0.0,0.0,0.0,0.0,0.0,0.0,0.0,-0.0,0.0,0.0,0.0,-0.0,0.0,0.0,0.0,0.0,-0.0,0.0,0.0,-0.0,0.0
0.0,-0.0,0.0,0.0,-0.0,-0.0,-0.0,0.0,0.0,0.0,0.0,0.0,0.0,0.0,-0.0,0.0,0.0,0.0,-0.0,0.0,0.0,0.0,0.0,-0.0,0.0,0.0,-0.0,0.0
0.0,0.0,328.6111,-328.6111
0.0,0.0,0.0,-0.0
0.0,0.0,0.0,-0.0
0.0,0.0,157.22382,-157.22382
0.0,0.0,2621.282,-2621.282
0.0,0.0,0.0,-0.0
0.0,0.0,1040.7335,-1040.7335
0.0,0.0,993.8031,-993.8031
0.0,0.0,0.0,-0.0
0.0,0.0,2869.4878,-2869.4878
0.0,0.0,0.0,-0.0
0.0,0.0,0.0,-0.0
0.0,0.0,0.0,-0.0
0.0,0.0,0.0,-0.0
0.0,0.0,0.0,-0.0
0.0,0.0,683.3425,-683.3425
0.0,0.0,48.38571,-48.38571
0.0,0.0,0.0,-0.0
0.0,0.0,0.0,-0.0
0.0,0.0,669.8575,-669.8575
0.0,0.0,1377.1669,-1377.1669
0.0,0.0,361.12912,-361.12912
0.0,0.0,262.66727,-262.66727
0.0,0.0,0.0,-0.0
0.0,0.0,54.82888,-54.82888
0.0,0.0,203.94554,-203.94554
0.0,0.0,4512.779,-4512.779
0.0,0.0,13.596788,-13.596788
