-0.0,-5.3029995,0.0,-1.029493,0.0,0.0,8.007869,0.62154996,8.262643,-0.0,-11.039272,-0.0,-0.0,-0.17079914,10.433954,0.0,-0.0,-0.0,-2.5094988,-5.158159,0.0,0.0,6.469207,-12.264662,-0.0,-12.564811,11.085421,0.0,0.0,0.0,-3.0618455,0.9884573,0.0,12.875276,-0.0,0.0,-0.08006847,-5.9751124,5.7322516,0.2718033,5.5868154,-0.0,7.2121983,0.9689226,-0.0,2.7941105,0.0,1.5736866,-0.0,10.357732,-4.3032274,6.1373806,-0.0,-2.398572,-0.0,-0.0,-1.4275664,-4.341219,0.0,4.1850634,-0.8791879,2.5808191,-1.8928671,8.407655,-14.49641,-4.2485013,0.0,1.6737056,0.0,-1.8771431,-0.0,0.0,0.0,-0.0,0.0,0.0,-0.9101507,-0.6813764,-0.0,0.0,-1.8709109,-2.93642,-0.0,0.0,-1.5792744,0.0,-8.5239525,0.0,-0.0,-0.0,4.954479,8.113829,-5.106945,-10.410108,0.0,-1.8236306,-4.100732,-4.9158773,-2.3782551,8.752062
0.0,5.3029995,-0.0,1.029493,-0.0,-0.0,-8.007869,-0.62154996,-8.262643,0.0,11.039272,0.0,0.0,0.17079914,-10.433954,-0.0,0.0,0.0,2.5094988,5.158159,-0.0,-0.0,-6.469207,12.264662,0.0,12.564811,-11.085421,-0.0,-0.0,-0.0,3.0618455,-0.9884573,-0.0,-12.875276,0.0,-0.0,0.08006847,5.9751124,-5.7322516,-0.2718033,-5.5868154,0.0,-7.2121983,-0.9689226,0.0,-2.7941105,-0.0,-1.5736866,0.0,-10.357732,4.3032274,-6.1373806,0.0,2.398572,0.0,0.0,1.4275664,4.341219,-0.0,-4.1850634,0.8791879,-2.5808191,1.8928671,-8.407655,14.49641,4.2485013,-0.0,-1.6737056,-0.0,1.8771431,0.0,-0.0,-0.0,0.0,-0.0,-0.0,0.9101507,0.6813764,0.0,-0.0,1.8709109,2.93642,0.0,-0.0,1.5792744,-0.0,8.5239525,-0.0,0.0,0.0,-4.954479,-8.113829,5.106945,10.410108,-0.0,1.8236306,4.100732,4.9158773,2.3782551,-8.752062
0.0,5.3029995,-0.0,1.029493,-0.0,-0.0,-8.007869,-0.62154996,-8.262643,0.0,11.039272,0.0,0.0,0.17079914,-10.433954,-0.0,0.0,0.0,2.5094988,5.158159,-0.0,-0.0,-6.469207,12.264662,0.0,12.564811,-11.085421,-0.0,-0.0,-0.0,3.0618455,-0.9884573,-0.0,-12.875276,0.0,-0.0,0.08006847,5.9751124,-5.7322516,-0.2718033,-5.5868154,0.0,-7.2121983,-0.9689226,0.0,-2.7941105,-0.0,-1.5736866,0.0,-10.357732,4.3032274,-6.1373806,0.0,2.398572,0.0,0.0,1.4275664,4.341219,-0.0,-4.1850634,0.8791879,-2.5808191,1.8928671,-8.407655,14.49641,4.2485013,-0.0,-1.6737056,-0.0,1.8771431,0.0,-0.0,-0.0,0.0,-0.0,-0.0,0.9101507,0.6813764,0.0,-0.0,1.8709109,2.93642,0.0,-0.0,1.5792744,-0.0,8.5239525,-0.0,0.0,0.0,-4.954479,-8.113829,5.106945,10.410108,-0.0,1.8236306,4.100732,4.9158773,2.3782551,-8.752062
0.0,5.3029995,-0.0,1.029493,-0.0,-0.0,-8.007869,-0.62154996,-8.262643,0.0,11.039272,0.0,0.0,0.17079914,-10.433954,-0.0,0.0,0.0,2.5094988,5.158159,-0.0,-0.0,-6.469207,12.264662,0.0,12.564811,-11.085421,-0.0,-0.0,-0.0,3.0618455,-0.9884573,-0.0,-12.875276,0.0,-0.0,0.08006847,5.9751124,-5.7322516,-0.2718033,-5.5868154,0.0,-7.2121983,-0.9689226,0.0,-2.7941105,-0.0,-1.5736866,0.0,-10.357732,4.3032274,-6.1373806,0.0,2.398572,0.0,0.0,1.4275664,4.341219,-0.0,-4.1850634,0.8791879,-2.5808191,1.8928671,-8.407655,14.49641,4.2485013,-0.0,-1.6737056,-0.0,1.8771431,0.0,-0.0,-0.0,0.0,-0.0,-0.0,0.9101507,0.6813764,0.0,-0.0,1.8709109,2.93642,0.0,-0.0,1.5792744,-0.0,8.5239525,-0.0,0.0,0.0,-4.954479,-8.113829,5.106945,10.410108,-0.0,1.8236306,4.100732,4.9158773,2.3782551,-8.752062
-0.0,-5.3029995,0.0,-1.029493,0.0,0.0,8.007869,0.62154996,8.262643,-0.0,-11.039272,-0.0,-0.0,-0.17079914,10.433954,0.0,-0.0,-0.0,-2.5094988,-5.158159,0.0,0.0,6.469207,-12.264662,-0.0,-12.564811,11.085421,0.0,0.0,0.0,-3.0618455,0.9884573,0.0,12.875276,-0.0,0.0,-0.08006847,-5.9751124,5.7322516,0.2718033,5.5868154,-0.0,7.2121983,0.9689226,-0.0,2.7941105,0.0,1.5736866,-0.0,10.357732,-4.3032274,6.1373806,-0.0,-2.398572,-0.0,-0.0,-1.4275664,-4.341219,0.0,4.1850634,-0.8791879,2.5808191,-1.8928671,8.407655,-14.49641,-4.2485013,0.0,1.6737056,0.0,-1.8771431,-0.0,0.0,0.0,-0.0,0.0,0.0,-0.9101507,-0.6813764,-0.0,0.0,-1.8709109,-2.93642,-0.0,0.0,-1.5792744,0.0,-8.5239525,0.0,-0.0,-0.0,4.954479,8.113829,-5.106945,-10.410108,0.0,-1.8236306,-4.100732,-4.9158773,-2.3782551,8.752062
-0.0,-5.3029995,0.0,-1.029493,0.0,0.0,8.007869,0.62154996,8.262643,-0.0,-11.039272,-0.0,-0.0,-0.17079914,10.433954,0.0,-0.0,-0.0,-2.5094988,-5.158159,0.0,0.0,6.469207,-12.264662,-0.0,-12.564811,11.085421,0.0,0.0,0.0,-3.0618455,0.9884573,0.0,12.875276,-0.0,0.0,-0.08006847,-5.9751124,5.7322516,0.2718033,5.5868154,-0.0,7.2121983,0.9689226,-0.0,2.7941105,0.0,1.5736866,-0.0,10.357732,-4.3032274,6.1373806,-0.0,-2.398572,-0.0,-0.0,-1.4275664,-4.341219,0.0,4.1850634,-0.8791879,2.5808191,-1.8928671,8.407655,-14.49641,-4.2485013,0.0,1.6737056,0.0,-1.8771431,-0.0,0.0,0.0,-0.0,0.0,0.0,-0.9101507,-0.6813764,-0.0,0.0,-1.8709109,-2.93642,-0.0,0.0,-1.5792744,0.0,-8.5239525,0.0,-0.0,-0.0,4.954479,8.113829,-5.106945,-10.410108,0.0,-1.8236306,-4.100732,-4.9158773,-2.3782551,8.752062
0.0,5.3029995,-0.0,1.029493,-0.0,-0.0,-8.007869,-0.62154996,-8.262643,0.0,11.039272,0.0,0.0,0.17079914,-10.433954,-0.0,0.0,0.0,2.5094988,5.158159,-0.0,-0.0,-6.469207,12.264662,0.0,12.564811,-11.085421,-0.0,-0.0,-0.0,3.0618455,-0.9884573,-0.0,-12.875276,0.0,-0.0,0.08006847,5.9751124,-5.7322516,-0.2718033,-5.5868154,0.0,-7.2121983,-0.9689226,0.0,-2.7941105,-0.0,-1.5736866,0.0,-10.357732,4.3032274,-6.1373806,0.0,2.398572,0.0,0.0,1.4275664,4.341219,-0.0,-4.1850634,0.8791879,-2.5808191,1.8928671,-8.407655,14.49641,4.2485013,-0.0,-1.6737056,-0.0,1.8771431,0.0,-0.0,-0.0,0.0,-0.0,-0.0,0.9101507,0.6813764,0.0,-0.0,1.8709109,2.93642,0.0,-0.0,1.5792744,-0.0,8.5239525,-0.0,0.0,0.0,-4.954479,-8.113829,5.106945,10.410108,-0.0,1.8236306,4.100732,4.9158773,2.3782551,-8.752062
-0.0,-5.3029995,0.0,-1.029493,0.0,0.0,8.007869,0.62154996,8.262643,-0.0,-11.039272,-0.0,-0.0,-0.17079914,10.433954,0.0,-0.0,-0.0,-2.5094988,-5.158159,0.0,0.0,6.469207,-12.264662,-0.0,-12.564811,11.085421,0.0,0.0,0.0,-3.0618455,0.9884573,0.0,12.875276,-0.0,0.0,-0.08006847,-5.9751124,5.7322516,0.2718033,5.5868154,-0.0,7.2121983,0.9689226,-0.0,2.7941105,0.0,1.5736866,-0.0,10.357732,-4.3032274,6.1373806,-0.0,-2.398572,-0.0,-0.0,-1.4275664,-4.341219,0.0,4.1850634,-0.8791879,2.5808191,-1.8928671,8.407655,-14.49641,-4.2485013,0.0,1.6737056,0.0,-1.8771431,-0.0,0.0,0.0,-0.0,0.0,0.0,-0.9101507,-0.6813764,-0.0,0.0,-1.8709109,-2.93642,-0.0,0.0,-1.5792744,0.0,-8.5239525,0.0,-0.0,-0.0,4.954479,8.113829,-5.106945,-10.410108,0.0,-1.8236306,-4.100732,-4.9158773,-2.3782551,8.752062
0.0,5.3029995,-0.0,1.029493,-0.0,-0.0,-8.007869,-0.62154996,-8.262643,0.0,11.039272,0.0,0.0,0.17079914,-10.433954,-0.0,0.0,0.0,2.5094988,5.158159,-0.0,-0.0,-6.469207,12.264662,0.0,12.564811,-11.085421,-0.0,-0.0,-0.0,3.0618455,-0.9884573,-0.0,-12.875276,0.0,-0.0,0.08006847,5.9751124,-5.7322516,-0.2718033,-5.5868154,0.0,-7.2121983,-0.9689226,0.0,-2.7941105,-0.0,-1.5736866,0.0,-10.357732,4.3032274,-6.1373806,0.0,2.398572,0.0,0.0,1.4275664,4.341219,-0.0,-4.1850634,0.8791879,-2.5808191,1.8928671,-8.407655,14.49641,4.2485013,-0.0,-1.6737056,-0.0,1.8771431,0.0,-0.0,-0.0,0.0,-0.0,-0.0,0.9101507,0.6813764,0.0,-0.0,1.8709109,2.93642,0.0,-0.0,1.5792744,-0.0,8.5239525,-0.0,0.0,0.0,-4.954479,-8.113829,5.106945,10.410108,-0.0,1.8236306,4.100732,4.9158773,2.3782551,-8.752062
0.0,5.3029995,-0.0,1.029493,-0.0,-0.0,-8.007869,-0.62154996,-8.262643,0.0,11.039272,0.0,0.0,0.17079914,-10.433954,-0.0,0.0,0.0,2.5094988,5.158159,-0.0,-0.0,-6.469207,12.264662,0.0,12.564811,-11.085421,-0.0,-0.0,-0.0,3.0618455,-0.9884573,-0.0,-12.875276,0.0,-0.0,0.08006847,5.9751124,-5.7322516,-0.2718033,-5.5868154,0.0,-7.2121983,-0.9689226,0.0,-2.7941105,-0.0,-1.5736866,0.0,-10.357732,4.3032274,-6.1373806,0.0,2.398572,0.0,0.0,1.4275664,4.341219,-0.0,-4.1850634,0.8791879,-2.5808191,1.8928671,-8.407655,14.49641,4.2485013,-0.0,-1.6737056,-0.0,1.8771431,0.0,-0.0,-0.0,0.0,-0.0,-0.0,0.9101507,0.6813764,0.0,-0.0,1.8709109,2.93642,0.0,-0.0,1.5792744,-0.0,8.5239525,-0.0,0.0,0.0,-4.954479,-8.113829,5.106945,10.410108,-0.0,1.8236306,4.100732,4.9158773,2.3782551,-8.752062
-0.0,-5.3029995,0.0,-1.029493,0.0,0.0,8.007869,0.62154996,8.262643,-0.0,-11.039272,-0.0,-0.0,-0.17079914,10.433954,0.0,-0.0,-0.0,-2.5094988,-5.158159,0.0,0.0,6.469207,-12.264662,-0.0,-12.564811,11.085421,0.0,0.0,0.0,-3.0618455,0.9884573,0.0,12.875276,-0.0,0.0,-0.08006847,-5.9751124,5.7322516,0.2718033,5.5868154,-0.0,7.2121983,0.9689226,-0.0,2.7941105,0.0,1.5736866,-0.0,10.357732,-4.3032274,6.1373806,-0.0,-2.398572,-0.0,-0.0,-1.4275664,-4.341219,0.0,4.1850634,-0.8791879,2.5808191,-1.8928671,8.407655,-14.49641,-4.2485013,0.0,1.6737056,0.0,-1.8771431,-0.0,0.0,0.0,-0.0,0.0,0.0,-0.9101507,-0.6813764,-0.0,0.0,-1.8709109,-2.93642,-0.0,0.0,-1.5792744,0.0,-8.5239525,0.0,-0.0,-0.0,4.954479,8.113829,-5.106945,-10.410108,0.0,-1.8236306,-4.100732,-4.9158773,-2.3782551,8.752062
-0.0,-5.3029995,0.0,-1.029493,0.0,0.0,8.007869,0.62154996,8.262643,-0.0,-11.039272,-0.0,-0.0,-0.17079914,10.433954,0.0,-0.0,-0.0,-2.5094988,-5.158159,0.0,0.0,6.469207,-12.264662,-0.0,-12.564811,11.085421,0.0,0.0,0.0,-3.0618455,0.9884573,0.0,12.875276,-0.0,0.0,-0.08006847,-5.9751124,5.7322516,0.2718033,5.5868154,-0.0,7.2121983,0.9689226,-0.0,2.7941105,0.0,1.5736866,-0.0,10.357732,-4.3032274,6.1373806,-0.0,-2.398572,-0.0,-0.0,-1.4275664,-4.341219,0.0,4.1850634,-0.8791879,2.5808191,-1.8928671,8.407655,-14.49641,-4.2485013,0.0,1.6737056,0.0,-1.8771431,-0.0,0.0,0.0,-0.0,0.0,0.0,-0.9101507,-0.6813764,-0.0,0.0,-1.8709109,-2.93642,-0.0,0.0,-1.5792744,0.0,-8.5239525,0.0,-0.0,-0.0,4.954479,8.113829,-5.106945,-10.410108,0.0,-1.8236306,-4.100732,-4.9158773,-2.3782551,8.752062
0.0,5.3029995,-0.0,1.029493,-0.0,-0.0,-8.007869,-0.62154996,-8.262643,0.0,11.039272,0.0,0.0,0.17079914,-10.433954,-0.0,0.0,0.0,2.5094988,5.158159,-0.0,-0.0,-6.469207,12.264662,0.0,12.564811,-11.085421,-0.0,-0.0,-0.0,3.0618455,-0.9884573,-0.0,-12.875276,0.0,-0.0,0.08006847,5.9751124,-5.7322516,-0.2718033,-5.5868154,0.0,-7.2121983,-0.9689226,0.0,-2.7941105,-0.0,-1.5736866,0.0,-10.357732,4.3032274,-6.1373806,0.0,2.398572,0.0,0.0,1.4275664,4.341219,-0.0,-4.1850634,0.8791879,-2.5808191,1.8928671,-8.407655,14.49641,4.2485013,-0.0,-1.6737056,-0.0,1.8771431,0.0,-0.0,-0.0,0.0,-0.0,-0.0,0.9101507,0.6813764,0.0,-0.0,1.8709109,2.93642,0.0,-0.0,1.5792744,-0.0,8.5239525,-0.0,0.0,0.0,-4.954479,-8.113829,5.106945,10.410108,-0.0,1.8236306,4.100732,4.9158773,2.3782551,-8.752062
0.0,5.3029995,-0.0,1.029493,-0.0,-0.0,-8.007869,-0.62154996,-8.262643,0.0,11.039272,0.0,0.0,0.17079914,-10.433954,-0.0,0.0,0.0,2.5094988,5.158159,-0.0,-0.0,-6.469207,12.264662,0.0,12.564811,-11.085421,-0.0,-0.0,-0.0,3.0618455,-0.9884573,-0.0,-12.875276,0.0,-0.0,0.08006847,5.9751124,-5.7322516,-0.2718033,-5.5868154,0.0,-7.2121983,-0.9689226,0.0,-2.7941105,-0.0,-1.5736866,0.0,-10.357732,4.3032274,-6.1373806,0.0,2.398572,0.0,0.0,1.4275664,4.341219,-0.0,-4.1850634,0.8791879,-2.5808191,1.8928671,-8.407655,14.49641,4.2485013,-0.0,-1.6737056,-0.0,1.8771431,0.0,-0.0,-0.0,0.0,-0.0,-0.0,0.9101507,0.6813764,0.0,-0.0,1.8709109,2.93642,0.0,-0.0,1.5792744,-0.0,8.5239525,-0.0,0.0,0.0,-4.954479,-8.113829,5.106945,10.410108,-0.0,1.8236306,4.100732,4.9158773,2.3782551,-8.752062
-0.0,-0.0,0.0,0.0,-0.0,-0.0,0.0,-0.0,0.0,0.0,0.0,-0.0,0.0,-0.0,0.0,0.0,0.0,0.0,0.0,-0.0,0.0,0.0,-0.0,0.0,-0.0,-0.0,0.0,0.0,-0.0,0.0,0.0,-0.0,-0.0,-0.0,-0.0,-0.0,0.0,-0.0,-0.0,0.0,,,,,,,,,,,,,,,,,,,,,,,,,,,,,,,,,,,,,,,,,,,,,,,,,,,,,,,,,,,,
-2.309539,-0.0,2.724877,0.0,-0.0,-0.3996104,15.241632,-3.578927,1.892935,10.504841,7.226898,-5.3642387,12.539537,-0.0,5.812608,0.0,1.2107432,0.41959062,0.17250781,-0.0,6.3868556,0.0,-0.0,5.4042883,-0.0,-9.368999,10.422044,13.639346,-0.0,8.654501,0.0,-0.0,-2.9194458,-6.7843714,-4.434953,-8.585054,0.0,-0.72915435,-0.0,0.0,,,,,,,,,,,,,,,,,,,,,,,,,,,,,,,,,,,,,,,,,,,,,,,,,,,,,,,,,,,,
-0.0,-0.0,0.0,0.0,-0.0,-0.0,0.0,-0.0,0.0,0.0,0.0,-0.0,0.0,-0.0,0.0,0.0,0.0,0.0,0.0,-0.0,0.0,0.0,-0.0,0.0,-0.0,-0.0,0.0,0.0,-0.0,0.0,0.0,-0.0,-0.0,-0.0,-0.0,-0.0,0.0,-0.0,-0.0,0.0,,,,,,,,,,,,,,,,,,,,,,,,,,,,,,,,,,,,,,,,,,,,,,,,,,,,,,,,,,,,
-2.5384812,-0.0,2.994991,0.0,-0.0,-0.43922332,16.752518,-3.933702,2.0805795,11.546173,7.943292,-5.89599,13.782568,-0.0,6.388805,0.0,1.3307627,0.46118414,0.1896083,-0.0,7.019977,0.0,-0.0,5.940009,-0.0,-10.297737,11.45517,14.9914,-0.0,9.512412,0.0,-0.0,-3.208847,-7.456898,-4.874585,-9.436082,0.0,-0.80143464,-0.0,0.0,,,,,,,,,,,,,,,,,,,,,,,,,,,,,,,,,,,,,,,,,,,,,,,,,,,,,,,,,,,,
-0.0,-0.0,0.0,0.0,-0.0,-0.0,0.0,-0.0,0.0,0.0,0.0,-0.0,0.0,-0.0,0.0,0.0,0.0,0.0,0.0,-0.0,0.0,0.0,-0.0,0.0,-0.0,-0.0,0.0,0.0,-0.0,0.0,0.0,-0.0,-0.0,-0.0,-0.0,-0.0,0.0,-0.0,-0.0,0.0,,,,,,,,,,,,,,,,,,,,,,,,,,,,,,,,,,,,,,,,,,,,,,,,,,,,,,,,,,,,
-0.0,-0.0,0.0,0.0,-0.0,-0.0,0.0,-0.0,0.0,0.0,0.0,-0.0,0.0,-0.0,0.0,0.0,0.0,0.0,0.0,-0.0,0.0,0.0,-0.0,0.0,-0.0,-0.0,0.0,0.0,-0.0,0.0,0.0,-0.0,-0.0,-0.0,-0.0,-0.0,0.0,-0.0,-0.0,0.0,,,,,,,,,,,,,,,,,,,,,,,,,,,,,,,,,,,,,,,,,,,,,,,,,,,,,,,,,,,,
-0.38646585,-0.0,0.4559663,0.0,-0.0,-0.066868655,2.550453,-0.5988784,0.31675357,1.7578235,1.2093103,-0.8976229,2.0982988,-0.0,0.9726505,0.0,0.20259924,0.07021204,0.02886653,-0.0,1.068742,0.0,-0.0,0.90432453,-0.0,-1.5677578,1.7439688,2.2823348,-0.0,1.4481976,0.0,-0.0,-0.48852435,-1.1352602,-0.7421212,-1.4365768,0.0,-0.12201277,-0.0,0.0,,,,,,,,,,,,,,,,,,,,,,,,,,,,,,,,,,,,,,,,,,,,,,,,,,,,,,,,,,,,
-0.23291233,-0.0,0.27479833,0.0,-0.0,-0.040299896,1.5370877,-0.36092752,0.19089866,1.0593919,0.728818,-0.5409726,1.2645869,-0.0,0.5861897,0.0,0.12210099,0.04231486,0.017397063,-0.0,0.64410144,0.0,-0.0,0.54501146,-0.0,-0.9448445,1.051042,1.3755004,-0.0,0.87278885,0.0,-0.0,-0.29442018,-0.6841901,-0.44725603,-0.86578536,0.0,-0.073533736,-0.0,0.0,,,,,,,,,,,,,,,,,,,,,,,,,,,,,,,,,,,,,,,,,,,,,,,,,,,,,,,,,,,,
-2.3218188,-0.0,2.739365,0.0,-0.0,-0.4017351,15.322672,-3.597956,1.9029996,10.560694,7.265323,-5.3927603,12.60621,-0.0,5.843513,0.0,1.2171806,0.42182156,0.17342502,-0.0,6.420814,0.0,-0.0,5.4330225,-0.0,-9.418813,10.477457,13.711866,-0.0,8.700517,0.0,-0.0,-2.9349682,-6.820443,-4.4585333,-8.630701,0.0,-0.7330312,-0.0,0.0,,,,,,,,,,,,,,,,,,,,,,,,,,,,,,,,,,,,,,,,,,,,,,,,,,,,,,,,,,,,
-0.0,-0.0,0.0,0.0,-0.0,-0.0,0.0,-0.0,0.0,0.0,0.0,-0.0,0.0,-0.0,0.0,0.0,0.0,0.0,0.0,-0.0,0.0,0.0,-0.0,0.0,-0.0,-0.0,0.0,0.0,-0.0,0.0,0.0,-0.0,-0.0,-0.0,-0.0,-0.0,0.0,-0.0,-0.0,0.0,,,,,,,,,,,,,,,,,,,,,,,,,,,,,,,,,,,,,,,,,,,,,,,,,,,,,,,,,,,,
-1.2830516,-0.0,1.5137904,0.0,-0.0,-0.22200133,8.467404,-1.988253,1.0516095,5.8359056,4.014863,-2.980073,6.9662704,-0.0,3.229162,0.0,0.6726216,0.23310123,0.09583575,-0.0,3.548182,0.0,-0.0,3.0023222,-0.0,-5.204895,5.7899084,7.577263,-0.0,4.80796,0.0,-0.0,-1.6218818,-3.7690196,-2.4638135,-4.769379,0.0,-0.40507764,-0.0,0.0,,,,,,,,,,,,,,,,,,,,,,,,,,,,,,,,,,,,,,,,,,,,,,,,,,,,,,,,,,,,
-0.0,-0.0,0.0,0.0,-0.0,-0.0,0.0,-0.0,0.0,0.0,0.0,-0.0,0.0,-0.0,0.0,0.0,0.0,0.0,0.0,-0.0,0.0,0.0,-0.0,0.0,-0.0,-0.0,0.0,0.0,-0.0,0.0,0.0,-0.0,-0.0,-0.0,-0.0,-0.0,0.0,-0.0,-0.0,0.0,,,,,,,,,,,,,,,,,,,,,,,,,,,,,,,,,,,,,,,,,,,,,,,,,,,,,,,,,,,,
-0.0,-0.0,0.0,0.0,-0.0,-0.0,0.0,-0.0,0.0,0.0,0.0,-0.0,0.0,-0.0,0.0,0.0,0.0,0.0,0.0,-0.0,0.0,0.0,-0.0,0.0,-0.0,-0.0,0.0,0.0,-0.0,0.0,0.0,-0.0,-0.0,-0.0,-0.0,-0.0,0.0,-0.0,-0.0,0.0,,,,,,,,,,,,,,,,,,,,,,,,,,,,,,,,,,,,,,,,,,,,,,,,,,,,,,,,,,,,
-3.8379905,-0.0,4.5281987,0.0,-0.0,-0.6640723,25.328535,-5.9474583,3.145678,17.456936,12.009654,-8.9142885,20.838194,-0.0,9.659388,0.0,2.012012,0.6972754,0.28667337,-0.0,10.613672,0.0,-0.0,8.980843,-0.0,-15.569396,17.319345,22.665857,-0.0,14.382044,0.0,-0.0,-4.851533,-11.274263,-7.3700023,-14.266638,0.0,-1.2117082,-0.0,0.0,,,,,,,,,,,,,,,,,,,,,,,,,,,,,,,,,,,,,,,,,,,,,,,,,,,,,,,,,,,,
-0.8584114,-0.0,1.0127846,0.0,-0.0,-0.14852752,5.6650224,-1.3302186,0.7035676,3.9044478,2.6860993,-1.9937847,4.6607056,-0.0,2.1604347,0.0,0.45001,0.15595378,0.06411784,-0.0,2.3738718,0.0,-0.0,2.0086703,-0.0,-3.4822772,3.873674,5.0694833,-0.0,3.216712,0.0,-0.0,-1.085102,-2.5216205,-1.6483871,-3.1909,0.0,-0.2710127,-0.0,0.0,,,,,,,,,,,,,,,,,,,,,,,,,,,,,,,,,,,,,,,,,,,,,,,,,,,,,,,,,,,,
-0.0,-0.0,0.0,0.0,-0.0,-0.0,0.0,-0.0,0.0,0.0,0.0,-0.0,0.0,-0.0,0.0,0.0,0.0,0.0,0.0,-0.0,0.0,0.0,-0.0,0.0,-0.0,-0.0,0.0,0.0,-0.0,0.0,0.0,-0.0,-0.0,-0.0,-0.0,-0.0,0.0,-0.0,-0.0,0.0,,,,,,,,,,,,,,,,,,,,,,,,,,,,,,,,,,,,,,,,,,,,,,,,,,,,,,,,,,,,
-0.0,-0.0,0.0,0.0,-0.0,-0.0,0.0,-0.0,0.0,0.0,0.0,-0.0,0.0,-0.0,0.0,0.0,0.0,0.0,0.0,-0.0,0.0,0.0,-0.0,0.0,-0.0,-0.0,0.0,0.0,-0.0,0.0,0.0,-0.0,-0.0,-0.0,-0.0,-0.0,0.0,-0.0,-0.0,0.0,,,,,,,,,,,,,,,,,,,,,,,,,,,,,,,,,,,,,,,,,,,,,,,,,,,,,,,,,,,,
-0.0,-0.0,0.0,0.0,-0.0,-0.0,0.0,-0.0,0.0,0.0,0.0,-0.0,0.0,-0.0,0.0,0.0,0.0,0.0,0.0,-0.0,0.0,0.0,-0.0,0.0,-0.0,-0.0,0.0,0.0,-0.0,0.0,0.0,-0.0,-0.0,-0.0,-0.0,-0.0,0.0,-0.0,-0.0,0.0,,,,,,,,,,,,,,,,,,,,,,,,,,,,,,,,,,,,,,,,,,,,,,,,,,,,,,,,,,,,
-0.521609,-0.0,0.61541307,0.0,-0.0,-0.09025194,3.44232,-0.8083001,0.42751905,2.3725164,1.6321937,-1.2115124,2.8320525,-0.0,1.3127764,0.0,0.27344614,0.09476447,0.03896086,-0.0,1.4424703,0.0,-0.0,1.2205576,-0.0,-2.1159868,2.353817,3.080444,-0.0,1.9546176,0.0,-0.0,-0.6593563,-1.5322491,-1.0016334,-1.9389331,0.0,-0.1646794,-0.0,0.0,,,,,,,,,,,,,,,,,,,,,,,,,,,,,,,,,,,,,,,,,,,,,,,,,,,,,,,,,,,,
-3.372884,-0.0,3.9794495,0.0,-0.0,-0.58359677,22.259098,-5.226716,2.7644694,15.341419,10.554265,-7.834011,18.31292,-0.0,8.488815,0.0,1.7681866,0.61277616,0.25193286,-0.0,9.3274555,0.0,-0.0,7.8925,-0.0,-13.68262,15.220503,19.919098,-0.0,12.639157,0.0,-0.0,-4.2636003,-9.907993,-6.476869,-12.537737,0.0,-1.0648675,-0.0,0.0,,,,,,,,,,,,,,,,,,,,,,,,,,,,,,,,,,,,,,,,,,,,,,,,,,,,,,,,,,,,
-0.0,-0.0,0.0,0.0,-0.0,-0.0,0.0,-0.0,0.0,0.0,0.0,-0.0,0.0,-0.0,0.0,0.0,0.0,0.0,0.0,-0.0,0.0,0.0,-0.0,0.0,-0.0,-0.0,0.0,0.0,-0.0,0.0,0.0,-0.0,-0.0,-0.0,-0.0,-0.0,0.0,-0.0,-0.0,0.0,,,,,,,,,,,,,,,,,,,,,,,,,,,,,,,,,,,,,,,,,,,,,,,,,,,,,,,,,,,,
-0.0,-0.0,0.0,0.0,-0.0,-0.0,0.0,-0.0,0.0,0.0,0.0,-0.0,0.0,-0.0,0.0,0.0,0.0,0.0,0.0,-0.0,0.0,0.0,-0.0,0.0,-0.0,-0.0,0.0,0.0,-0.0,0.0,0.0,-0.0,-0.0,-0.0,-0.0,-0.0,0.0,-0.0,-0.0,0.0,,,,,,,,,,,,,,,,,,,,,,,,,,,,,,,,,,,,,,,,,,,,,,,,,,,,,,,,,,,,
-2.0228078,-0.0,2.3865814,0.0,-0.0,-0.3499984,13.349371,-3.1346002,1.6579256,9.200656,6.329673,-4.698264,10.982743,-0.0,5.0909677,0.0,1.0604284,0.3674981,0.15109082,-0.0,5.593922,0.0,-0.0,4.733341,-0.0,-8.20583,9.128139,11.946011,-0.0,7.5800376,0.0,-0.0,-2.556994,-5.9420857,-3.88435,-7.519213,0.0,-0.63862926,-0.0,0.0,,,,,,,,,,,,,,,,,,,,,,,,,,,,,,,,,,,,,,,,,,,,,,,,,,,,,,,,,,,,
-2.5029027,-0.0,2.9530144,0.0,-0.0,-0.43306732,16.517721,-3.8785686,2.051419,11.384347,7.831962,-5.8133535,13.589396,-0.0,6.299262,0.0,1.3121113,0.45472038,0.18695083,-0.0,6.921588,0.0,-0.0,5.856756,-0.0,-10.153408,11.294619,14.781285,-0.0,9.379089,0.0,-0.0,-3.163873,-7.352385,-4.806265,-9.303829,0.0,-0.790202,-0.0,0.0,,,,,,,,,,,,,,,,,,,,,,,,,,,,,,,,,,,,,,,,,,,,,,,,,,,,,,,,,,,,
-0.0,-0.0,0.0,0.0,-0.0,-0.0,0.0,-0.0,0.0,0.0,0.0,-0.0,0.0,-0.0,0.0,0.0,0.0,0.0,0.0,-0.0,0.0,0.0,-0.0,0.0,-0.0,-0.0,0.0,0.0,-0.0,0.0,0.0,-0.0,-0.0,-0.0,-0.0,-0.0,0.0,-0.0,-0.0,0.0,,,,,,,,,,,,,,,,,,,,,,,,,,,,,,,,,,,,,,,,,,,,,,,,,,,,,,,,,,,,
-0.40241054,-0.0,0.47477838,0.0,-0.0,-0.0696275,2.6556785,-0.6235867,0.3298221,1.8303473,1.2592036,-0.93465674,2.1848698,-0.0,1.0127798,0.0,0.21095802,0.07310882,0.030057495,-0.0,1.1128359,0.0,-0.0,0.94163483,-0.0,-1.6324399,1.815921,2.3764987,-0.0,1.507947,0.0,-0.0,-0.50867975,-1.1820984,-0.7727394,-1.4958467,0.0,-0.12704673,-0.0,0.0,,,,,,,,,,,,,,,,,,,,,,,,,,,,,,,,,,,,,,,,,,,,,,,,,,,,,,,,,,,,
-0.14949037,-0.0,0.17637411,0.0,-0.0,-0.025865726,0.9865506,-0.2316545,0.122524686,0.6799506,0.46777803,-0.347213,0.8116512,-0.0,0.37623474,0.0,0.07836821,0.027158992,0.011165975,-0.0,0.4134043,0.0,-0.0,0.3498053,-0.0,-0.60643053,0.6745914,0.8828389,-0.0,0.560183,0.0,-0.0,-0.18896802,-0.43913442,-0.2870628,-0.5556879,0.0,-0.047196236,-0.0,0.0,,,,,,,,,,,,,,,,,,,,,,,,,,,,,,,,,,,,,,,,,,,,,,,,,,,,,,,,,,,,
-0.0,-0.0,0.0,0.0,-0.0,-0.0,0.0,-0.0,0.0,0.0,0.0,-0.0,0.0,-0.0,0.0,0.0,0.0,0.0,0.0,-0.0,0.0,0.0,-0.0,0.0,-0.0,-0.0,0.0,0.0,-0.0,0.0,0.0,-0.0,-0.0,-0.0,-0.0,-0.0,0.0,-0.0,-0.0,0.0,,,,,,,,,,,,,,,,,,,,,,,,,,,,,,,,,,,,,,,,,,,,,,,,,,,,,,,,,,,,
-0.0,-0.0,0.0,0.0,-0.0,-0.0,0.0,-0.0,0.0,0.0,0.0,-0.0,0.0,-0.0,0.0,0.0,0.0,0.0,0.0,-0.0,0.0,0.0,-0.0,0.0,-0.0,-0.0,0.0,0.0,-0.0,0.0,0.0,-0.0,-0.0,-0.0,-0.0,-0.0,0.0,-0.0,-0.0,0.0,,,,,,,,,,,,,,,,,,,,,,,,,,,,,,,,,,,,,,,,,,,,,,,,,,,,,,,,,,,,
-0.0,-0.0,0.0,0.0,-0.0,-0.0,0.0,-0.0,0.0,0.0,0.0,-0.0,0.0,-0.0,0.0,0.0,0.0,0.0,0.0,-0.0,0.0,0.0,-0.0,0.0,-0.0,-0.0,0.0,0.0,-0.0,0.0,0.0,-0.0,-0.0,-0.0,-0.0,-0.0,0.0,-0.0,-0.0,0.0,,,,,,,,,,,,,,,,,,,,,,,,,,,,,,,,,,,,,,,,,,,,,,,,,,,,,,,,,,,,
-2.7252245,-0.0,3.2153177,0.0,-0.0,-0.4715348,17.984919,-4.223085,2.2336376,12.395568,8.527641,-6.3297286,14.796483,-0.0,6.8587976,0.0,1.4286603,0.4951112,0.20355685,-0.0,7.536402,0.0,-0.0,6.376986,-0.0,-11.05529,12.29787,16.094242,-0.0,10.212193,0.0,-0.0,-3.444906,-8.0054655,-5.233184,-10.130247,0.0,-0.86039215,-0.0,0.0,,,,,,,,,,,,,,,,,,,,,,,,,,,,,,,,,,,,,,,,,,,,,,,,,,,,,,,,,,,,
-1.3410031,-0.0,1.5821636,0.0,-0.0,-0.23202844,8.849851,-2.078056,1.0991075,6.0994954,4.196202,-3.1146736,7.2809153,-0.0,3.375013,0.0,0.70300186,0.2436297,0.100164354,-0.0,3.7084424,0.0,-0.0,3.1379278,-0.0,-5.439984,6.0514207,7.9195046,-0.0,5.0251203,0.0,-0.0,-1.6951371,-3.9392545,-2.5750964,-4.9847975,0.0,-0.42337376,-0.0,0.0,,,,,,,,,,,,,,,,,,,,,,,,,,,,,,,,,,,,,,,,,,,,,,,,,,,,,,,,,,,,
-0.0,-0.0,0.0,0.0,-0.0,-0.0,0.0,-0.0,0.0,0.0,0.0,-0.0,0.0,-0.0,0.0,0.0,0.0,0.0,0.0,-0.0,0.0,0.0,-0.0,0.0,-0.0,-0.0,0.0,0.0,-0.0,0.0,0.0,-0.0,-0.0,-0.0,-0.0,-0.0,0.0,-0.0,-0.0,0.0,,,,,,,,,,,,,,,,,,,,,,,,,,,,,,,,,,,,,,,,,,,,,,,,,,,,,,,,,,,,
-2.3226395,-0.0,2.7403333,0.0,-0.0,-0.40187708,15.328087,-3.5992274,1.9036722,10.564426,7.2678905,-5.394666,12.610664,-0.0,5.845578,0.0,1.2176107,0.42197064,0.1734863,-0.0,6.4230833,0.0,-0.0,5.4349422,-0.0,-9.422142,10.48116,13.716712,-0.0,8.703591,0.0,-0.0,-2.9360054,-6.8228536,-4.460109,-8.633751,0.0,-0.7332903,-0.0,0.0,,,,,,,,,,,,,,,,,,,,,,,,,,,,,,,,,,,,,,,,,,,,,,,,,,,,,,,,,,,,
-0.0,-0.0,0.0,0.0,-0.0,-0.0,0.0,-0.0,0.0,0.0,0.0,-0.0,0.0,-0.0,0.0,0.0,0.0,0.0,0.0,-0.0,0.0,0.0,-0.0,0.0,-0.0,-0.0,0.0,0.0,-0.0,0.0,0.0,-0.0,-0.0,-0.0,-0.0,-0.0,0.0,-0.0,-0.0,0.0,,,,,,,,,,,,,,,,,,,,,,,,,,,,,,,,,,,,,,,,,,,,,,,,,,,,,,,,,,,,
-0.0,-0.0,0.0,0.0,-0.0,-0.0,0.0,-0.0,0.0,0.0,0.0,-0.0,0.0,-0.0,0.0,0.0,0.0,0.0,0.0,-0.0,0.0,0.0,-0.0,0.0,-0.0,-0.0,0.0,0.0,-0.0,0.0,0.0,-0.0,-0.0,-0.0,-0.0,-0.0,0.0,-0.0,-0.0,0.0,,,,,,,,,,,,,,,,,,,,,,,,,,,,,,,,,,,,,,,,,,,,,,,,,,,,,,,,,,,,
-0.07938676,-0.0,0.09366335,0.0,-0.0,-0.013735976,0.52390707,-0.12301996,0.06506665,0.36108732,0.2484132,-0.18438724,0.43102682,-0.0,0.19979921,0.0,0.041617382,0.014422765,0.0059296833,-0.0,0.21953808,0.0,-0.0,0.18576387,-0.0,-0.32204455,0.35824132,0.468831,-0.0,0.29748482,0.0,-0.0,-0.10035133,-0.23320204,-0.15244451,-0.2950977,0.0,-0.02506353,-0.0,0.0,,,,,,,,,,,,,,,,,,,,,,,,,,,,,,,,,,,,,,,,,,,,,,,,,,,,,,,,,,,,
-2.9845142,-0.0,3.521237,0.0,-0.0,-0.51639867,19.696081,-4.6248875,2.4461553,13.574936,9.338998,-6.9319663,16.204285,-0.0,7.511373,0.0,1.5645893,0.5422182,0.22292413,-0.0,8.2534485,0.0,-0.0,6.98372,-0.0,-12.107139,13.467942,17.625519,-0.0,11.183825,0.0,-0.0,-3.772669,-8.767139,-5.731092,-11.094083,0.0,-0.9422536,-0.0,0.0,,,,,,,,,,,,,,,,,,,,,,,,,,,,,,,,,,,,,,,,,,,,,,,,,,,,,,,,,,,,
-0.26153418,-0.0,0.3085674,0.0,-0.0,-0.04525222,1.7259754,-0.4052807,0.21435757,1.1895771,0.81838006,-0.60745096,1.4199879,-0.0,0.65822464,0.0,0.13710558,0.047514796,0.01953493,-0.0,0.72325295,0.0,-0.0,0.61198616,-0.0,-1.0609534,1.180201,1.5445311,-0.0,0.98004305,0.0,-0.0,-0.3306005,-0.7682679,-0.5022178,-0.9721789,0.0,-0.08257006,-0.0,0.0,,,,,,,,,,,,,,,,,,,,,,,,,,,,,,,,,,,,,,,,,,,,,,,,,,,,,,,,,,,,
-2.5963364,-0.0,3.0632508,0.0,-0.0,-0.44923377,17.13433,-4.023356,2.1279986,11.809325,8.1243305,-6.030367,14.09669,-0.0,6.534414,0.0,1.3610926,0.47169513,0.19392973,-0.0,7.1799717,0.0,-0.0,6.0753894,-0.0,-10.532435,11.716248,15.333073,-0.0,9.729212,0.0,-0.0,-3.2819808,-7.6268506,-4.985683,-9.651142,0.0,-0.81970036,-0.0,0.0,,,,,,,,,,,,,,,,,,,,,,,,,,,,,,,,,,,,,,,,,,,,,,,,,,,,,,,,,,,,
-0.7414414,-0.0,0.8747792,0.0,-0.0,-0.12828867,4.893088,-1.1489586,0.6076972,3.3724148,2.3200827,-1.722105,4.0256224,-0.0,1.8660468,0.0,0.38869014,0.13470301,0.055380933,-0.0,2.0504,0.0,-0.0,1.7349622,-0.0,-3.0077705,3.3458343,4.378699,-0.0,2.7783923,0.0,-0.0,-0.9372424,-2.1780162,-1.4237723,-2.7560976,0.0,-0.23408361,-0.0,0.0,,,,,,,,,,,,,,,,,,,,,,,,,,,,,,,,,,,,,,,,,,,,,,,,,,,,,,,,,,,,
-0.0,-0.0,0.0,0.0,-0.0,-0.0,0.0,-0.0,0.0,0.0,0.0,-0.0,0.0,-0.0,0.0,0.0,0.0,0.0,0.0,-0.0,0.0,0.0,-0.0,0.0,-0.0,-0.0,0.0,0.0,-0.0,0.0,0.0,-0.0,-0.0,-0.0,-0.0,-0.0,0.0,-0.0,-0.0,0.0,,,,,,,,,,,,,,,,,,,,,,,,,,,,,,,,,,,,,,,,,,,,,,,,,,,,,,,,,,,,
-1.6391324,-0.0,1.9339072,0.0,-0.0,-0.28361258,10.817333,-2.5400457,1.343459,7.455524,5.1290936,-3.807122,8.899594,-0.0,4.1253395,0.0,0.8592919,0.29779297,0.12243271,-0.0,4.5328965,0.0,-0.0,3.835546,-0.0,-6.649391,7.3967614,9.680154,-0.0,6.142296,0.0,-0.0,-2.071997,-4.815022,-3.1475868,-6.093008,0.0,-0.5174974,-0.0,0.0,,,,,,,,,,,,,,,,,,,,,,,,,,,,,,,,,,,,,,,,,,,,,,,,,,,,,,,,,,,,
-1.0221941,-0.0,1.2060213,0.0,-0.0,-0.17686619,6.7458944,-1.5840209,0.8378066,4.6494064,3.1986003,-2.3741937,5.5499563,-0.0,2.5726402,0.0,0.5358708,0.18570937,0.07635137,-0.0,2.8268003,0.0,-0.0,2.3919194,-0.0,-4.1466866,4.612761,6.036728,-0.0,3.8304524,0.0,-0.0,-1.2921367,-3.0027394,-1.9628952,-3.7997158,0.0,-0.32272124,-0.0,0.0,,,,,,,,,,,,,,,,,,,,,,,,,,,,,,,,,,,,,,,,,,,,,,,,,,,,,,,,,,,,
-0.0,-0.0,0.0,0.0,-0.0,-0.0,0.0,-0.0,0.0,0.0,0.0,-0.0,0.0,-0.0,0.0,0.0,0.0,0.0,0.0,-0.0,0.0,0.0,-0.0,0.0,-0.0,-0.0,0.0,0.0,-0.0,0.0,0.0,-0.0,-0.0,-0.0,-0.0,-0.0,0.0,-0.0,-0.0,0.0,,,,,,,,,,,,,,,,,,,,,,,,,,,,,,,,,,,,,,,,,,,,,,,,,,,,,,,,,,,,
-1.6006948,-0.0,1.8885571,0.0,-0.0,-0.27696186,10.563666,-2.4804816,1.3119549,7.280692,5.0088167,-3.7178452,8.690899,-0.0,4.0286007,0.0,0.83914155,0.29080975,0.119561665,-0.0,4.4266,0.0,-0.0,3.7456026,-0.0,-6.493463,7.2233076,9.453155,-0.0,5.998259,0.0,-0.0,-2.0234087,-4.7021103,-3.0737762,-5.9501276,0.0,-0.5053621,-0.0,0.0,,,,,,,,,,,,,,,,,,,,,,,,,,,,,,,,,,,,,,,,,,,,,,,,,,,,,,,,,,,,
-0.0,-0.0,0.0,0.0,-0.0,-0.0,0.0,-0.0,0.0,0.0,0.0,-0.0,0.0,-0.0,0.0,0.0,0.0,0.0,0.0,-0.0,0.0,0.0,-0.0,0.0,-0.0,-0.0,0.0,0.0,-0.0,0.0,0.0,-0.0,-0.0,-0.0,-0.0,-0.0,0.0,-0.0,-0.0,0.0,,,,,,,,,,,,,,,,,,,,,,,,,,,,,,,,,,,,,,,,,,,,,,,,,,,,,,,,,,,,
-1.0926919,-0.0,1.2891971,0.0,-0.0,-0.18906415,7.2111397,-1.6932662,0.8955877,4.9700627,3.4191988,-2.537935,5.932721,-0.0,2.750068,0.0,0.57282823,0.19851722,0.0816171,-0.0,3.0217566,0.0,-0.0,2.5568833,-0.0,-4.432672,4.93089,6.453064,-0.0,4.094628,0.0,-0.0,-1.3812516,-3.2098298,-2.0982704,-4.0617714,0.0,-0.3449784,-0.0,0.0,,,,,,,,,,,,,,,,,,,,,,,,,,,,,,,,,,,,,,,,,,,,,,,,,,,,,,,,,,,,
-0.0,-0.0,0.0,0.0,-0.0,-0.0,0.0,-0.0,0.0,0.0,0.0,-0.0,0.0,-0.0,0.0,0.0,0.0,0.0,0.0,-0.0,0.0,0.0,-0.0,0.0,-0.0,-0.0,0.0,0.0,-0.0,0.0,0.0,-0.0,-0.0,-0.0,-0.0,-0.0,0.0,-0.0,-0.0,0.0,,,,,,,,,,,,,,,,,,,,,,,,,,,,,,,,,,,,,,,,,,,,,,,,,,,,,,,,,,,,
-0.5653114,-0.0,0.6669746,0.0,-0.0,-0.09781358,3.7307303,-0.8760224,0.46333817,2.5712945,1.7689449,-1.3130174,3.0693321,-0.0,1.4227657,0.0,0.29635644,0.10270418,0.04222514,-0.0,1.5633256,0.0,-0.0,1.3228203,-0.0,-2.293272,2.5510283,3.338535,-0.0,2.1183827,0.0,-0.0,-0.7145996,-1.6606265,-1.085554,-2.1013842,0.0,-0.17847684,-0.0,0.0,,,,,,,,,,,,,,,,,,,,,,,,,,,,,,,,,,,,,,,,,,,,,,,,,,,,,,,,,,,,
-2.2528415,-0.0,2.6579833,0.0,-0.0,-0.38980022,14.86746,-3.4910667,1.8464648,10.246954,7.0494823,-5.23255,12.2317,-0.0,5.669912,0.0,1.1810201,0.40928996,0.16827285,-0.0,6.2300625,0.0,-0.0,5.2716165,-0.0,-9.138996,10.16619,13.304509,-0.0,8.442039,0.0,-0.0,-2.8477752,-6.6178193,-4.326078,-8.374297,0.0,-0.7112541,-0.0,0.0,,,,,,,,,,,,,,,,,,,,,,,,,,,,,,,,,,,,,,,,,,,,,,,,,,,,,,,,,,,,
-0.70852774,-0.0,0.8359465,0.0,-0.0,-0.122593746,4.6758766,-1.0979546,0.58072066,3.2227085,2.2170908,-1.6456583,3.8469193,-0.0,1.7832103,0.0,0.37143564,0.12872334,0.052922495,-0.0,1.9593799,0.0,-0.0,1.6579447,-0.0,-2.8742511,3.1973078,4.184322,-0.0,2.6550553,0.0,-0.0,-0.89563686,-2.081331,-1.360569,-2.6337504,0.0,-0.2236923,-0.0,0.0,,,,,,,,,,,,,,,,,,,,,,,,,,,,,,,,,,,,,,,,,,,,,,,,,,,,,,,,,,,,
-0.0,-0.0,0.0,0.0,-0.0,-0.0,0.0,-0.0,0.0,0.0,0.0,-0.0,0.0,-0.0,0.0,0.0,0.0,0.0,0.0,-0.0,0.0,0.0,-0.0,0.0,-0.0,-0.0,0.0,0.0,-0.0,0.0,0.0,-0.0,-0.0,-0.0,-0.0,-0.0,0.0,-0.0,-0.0,0.0,,,,,,,,,,,,,,,,,,,,,,,,,,,,,,,,,,,,,,,,,,,,,,,,,,,,,,,,,,,,
-1.0202581,-0.0,1.2037371,0.0,-0.0,-0.17653121,6.7331176,-1.5810207,0.8362198,4.6406007,3.192542,-2.369697,5.539445,-0.0,2.5677676,0.0,0.53485584,0.18535763,0.07620676,-0.0,2.8214464,0.0,-0.0,2.3873892,-0.0,-4.138833,4.6040244,6.0252943,-0.0,3.8231976,0.0,-0.0,-1.2896893,-2.9970522,-1.9591774,-3.792519,0.0,-0.32211,-0.0,0.0,,,,,,,,,,,,,,,,,,,,,,,,,,,,,,,,,,,,,,,,,,,,,,,,,,,,,,,,,,,,
-0.0,-0.0,0.0,0.0,-0.0,-0.0,0.0,-0.0,0.0,0.0,0.0,-0.0,0.0,-0.0,0.0,0.0,0.0,0.0,0.0,-0.0,0.0,0.0,-0.0,0.0,-0.0,-0.0,0.0,0.0,-0.0,0.0,0.0,-0.0,-0.0,-0.0,-0.0,-0.0,0.0,-0.0,-0.0,0.0,,,,,,,,,,,,,,,,,,,,,,,,,,,,,,,,,,,,,,,,,,,,,,,,,,,,,,,,,,,,
-0.0,-0.0,0.0,0.0,-0.0,-0.0,0.0,-0.0,0.0,0.0,0.0,-0.0,0.0,-0.0,0.0,0.0,0.0,0.0,0.0,-0.0,0.0,0.0,-0.0,0.0,-0.0,-0.0,0.0,0.0,-0.0,0.0,0.0,-0.0,-0.0,-0.0,-0.0,-0.0,0.0,-0.0,-0.0,0.0,,,,,,,,,,,,,,,,,,,,,,,,,,,,,,,,,,,,,,,,,,,,,,,,,,,,,,,,,,,,
-0.23500985,-0.0,0.27727306,0.0,-0.0,-0.04066282,1.5509301,-0.36417788,0.19261782,1.0689323,0.7353814,-0.5458444,1.2759752,-0.0,0.5914687,0.0,0.12320058,0.042695932,0.017553734,-0.0,0.6499019,0.0,-0.0,0.54991966,-0.0,-0.9533534,1.0605073,1.3878876,-0.0,0.88064885,0.0,-0.0,-0.2970716,-0.6903516,-0.45128384,-0.87358224,0.0,-0.07419595,-0.0,0.0,,,,,,,,,,,,,,,,,,,,,,,,,,,,,,,,,,,,,,,,,,,,,,,,,,,,,,,,,,,,
-2.6819518,-0.0,3.164263,0.0,-0.0,-0.4640475,17.699343,-4.1560283,2.1981704,12.198744,8.392234,-6.2292213,14.561535,-0.0,6.7498894,0.0,1.4059752,0.48724952,0.20032465,-0.0,7.4167347,0.0,-0.0,6.275728,-0.0,-10.879747,12.102596,15.838688,-0.0,10.050037,0.0,-0.0,-3.3902056,-7.87835,-5.1500883,-9.969393,0.0,-0.84673035,-0.0,0.0,,,,,,,,,,,,,,,,,,,,,,,,,,,,,,,,,,,,,,,,,,,,,,,,,,,,,,,,,,,,
-0.0,-0.0,0.0,0.0,-0.0,-0.0,0.0,-0.0,0.0,0.0,0.0,-0.0,0.0,-0.0,0.0,0.0,0.0,0.0,0.0,-0.0,0.0,0.0,-0.0,0.0,-0.0,-0.0,0.0,0.0,-0.0,0.0,0.0,-0.0,-0.0,-0.0,-0.0,-0.0,0.0,-0.0,-0.0,0.0,,,,,,,,,,,,,,,,,,,,,,,,,,,,,,,,,,,,,,,,,,,,,,,,,,,,,,,,,,,,
-2.6491249,-0.0,3.1255324,0.0,-0.0,-0.45836753,17.482702,-4.1051583,2.171265,12.049431,8.289513,-6.1529756,14.383302,-0.0,6.6672707,0.0,1.388766,0.48128557,0.19787268,-0.0,7.325954,0.0,-0.0,6.1989136,-0.0,-10.746579,11.954461,15.644822,-0.0,9.927025,0.0,-0.0,-3.3487096,-7.7819185,-5.0870514,-9.847367,0.0,-0.83636636,-0.0,0.0,,,,,,,,,,,,,,,,,,,,,,,,,,,,,,,,,,,,,,,,,,,,,,,,,,,,,,,,,,,,
-0.72544616,-0.0,0.85590744,0.0,-0.0,-0.12552108,4.7875285,-1.1241719,0.59458727,3.2996612,2.270031,-1.6849537,3.938777,-0.0,1.8257903,0.0,0.38030487,0.13179703,0.05418619,-0.0,2.0061665,0.0,-0.0,1.6975335,-0.0,-2.9428833,3.273654,4.2842364,-0.0,2.7184534,0.0,-0.0,-0.91702306,-2.1310296,-1.3930571,-2.6966398,0.0,-0.22903368,-0.0,0.0,,,,,,,,,,,,,,,,,,,,,,,,,,,,,,,,,,,,,,,,,,,,,,,,,,,,,,,,,,,,
-1.5530403,-0.0,1.8323326,0.0,-0.0,-0.2687164,10.249174,-2.406635,1.2728965,7.0639377,4.8596983,-3.6071608,8.432161,-0.0,3.9086647,0.0,0.81415933,0.28215203,0.11600218,-0.0,4.294815,0.0,-0.0,3.6340919,-0.0,-6.3001456,7.0082617,9.171723,-0.0,5.8196845,0.0,-0.0,-1.9631695,-4.562123,-2.9822664,-5.7729855,0.0,-0.49031693,-0.0,0.0,,,,,,,,,,,,,,,,,,,,,,,,,,,,,,,,,,,,,,,,,,,,,,,,,,,,,,,,,,,,
-1.1044421,-0.0,1.3030604,0.0,-0.0,-0.19109724,7.2886844,-1.7114747,0.90521836,5.023508,3.455967,-2.5652266,5.996518,-0.0,2.7796407,0.0,0.57898813,0.20065196,0.082494766,-0.0,3.0542512,0.0,-0.0,2.5843787,-0.0,-4.4803386,4.983914,6.5224566,-0.0,4.1386595,0.0,-0.0,-1.3961049,-3.2443466,-2.120834,-4.1054497,0.0,-0.3486881,-0.0,0.0,,,,,,,,,,,,,,,,,,,,,,,,,,,,,,,,,,,,,,,,,,,,,,,,,,,,,,,,,,,,
-0.012731993,-0.0,0.015021661,0.0,-0.0,-0.002202966,0.08402384,-0.019729855,0.010435344,0.057910927,0.039840333,-0.029571895,0.06912777,-0.0,0.032043654,0.0,0.0066745663,0.0023131128,0.0009509984,-0.0,0.03520936,0.0,-0.0,0.029792678,-0.0,-0.051649272,0.057454485,0.07519078,-0.0,0.0477104,0.0,-0.0,-0.016094277,-0.03740078,-0.024448942,-0.04732756,0.0,-0.004019671,-0.0,0.0,,,,,,,,,,,,,,,,,,,,,,,,,,,,,,,,,,,,,,,,,,,,,,,,,,,,,,,,,,,,
-1.1338606,-0.0,1.3377694,0.0,-0.0,-0.19618739,7.482829,-1.7570623,0.92933017,5.1573167,3.5480216,-2.6335552,6.1562443,-0.0,2.8536804,0.0,0.5944103,0.20599662,0.084692135,-0.0,3.1356056,0.0,-0.0,2.6532173,-0.0,-4.599679,5.1166677,6.696192,-0.0,4.2488985,0.0,-0.0,-1.4332922,-3.3307645,-2.1773255,-4.214804,0.0,-0.3579759,-0.0,0.0,,,,,,,,,,,,,,,,,,,,,,,,,,,,,,,,,,,,,,,,,,,,,,,,,,,,,,,,,,,,
-2.0927484,-0.0,2.4690998,0.0,-0.0,-0.36209998,13.810939,-3.242982,1.71525,9.518777,6.5485272,-4.860711,11.362482,-0.0,5.2669926,0.0,1.0970937,0.38020468,0.15631492,-0.0,5.7873373,0.0,-0.0,4.8970013,-0.0,-8.489554,9.443753,12.359055,-0.0,7.8421245,0.0,-0.0,-2.6454046,-6.147539,-4.0186553,-7.779197,0.0,-0.66071045,-0.0,0.0,,,,,,,,,,,,,,,,,,,,,,,,,,,,,,,,,,,,,,,,,,,,,,,,,,,,,,,,,,,,
-0.0,-0.0,0.0,0.0,-0.0,-0.0,0.0,-0.0,0.0,0.0,0.0,-0.0,0.0,-0.0,0.0,0.0,0.0,0.0,0.0,-0.0,0.0,0.0,-0.0,0.0,-0.0,-0.0,0.0,0.0,-0.0,0.0,0.0,-0.0,-0.0,-0.0,-0.0,-0.0,0.0,-0.0,-0.0,0.0,,,,,,,,,,,,,,,,,,,,,,,,,,,,,,,,,,,,,,,,,,,,,,,,,,,,,,,,,,,,
-2.3118696,-0.0,2.7276268,0.0,-0.0,-0.40001363,15.257013,-3.5825384,1.8948451,10.515441,7.2341905,-5.369652,12.552191,-0.0,5.8184733,0.0,1.2119648,0.42001402,0.17268188,-0.0,6.3933005,0.0,-0.0,5.4097414,-0.0,-9.378453,10.432561,13.65311,-0.0,8.663234,0.0,-0.0,-2.9223917,-6.7912173,-4.4394283,-8.593718,0.0,-0.72989017,-0.0,0.0,,,,,,,,,,,,,,,,,,,,,,,,,,,,,,,,,,,,,,,,,,,,,,,,,,,,,,,,,,,,
-0.0,-0.0,0.0,0.0,-0.0,-0.0,0.0,-0.0,0.0,0.0,0.0,-0.0,0.0,-0.0,0.0,0.0,0.0,0.0,0.0,-0.0,0.0,0.0,-0.0,0.0,-0.0,-0.0,0.0,0.0,-0.0,0.0,0.0,-0.0,-0.0,-0.0,-0.0,-0.0,0.0,-0.0,-0.0,0.0,,,,,,,,,,,,,,,,,,,,,,,,,,,,,,,,,,,,,,,,,,,,,,,,,,,,,,,,,,,,
-0.038116403,-0.0,0.0449711,0.0,-0.0,-0.00659513,0.25154638,-0.059066255,0.031240812,0.17337084,0.11927201,-0.08853086,0.20695128,-0.0,0.095930696,0.0,0.019981984,0.0069248816,0.0028470517,-0.0,0.10540803,0.0,-0.0,0.08919183,-0.0,-0.15462503,0.17200437,0.22510241,-0.0,0.14283302,0.0,-0.0,-0.04818224,-0.111968584,-0.07319403,-0.14168689,0.0,-0.012033891,-0.0,0.0,,,,,,,,,,,,,,,,,,,,,,,,,,,,,,,,,,,,,,,,,,,,,,,,,,,,,,,,,,,,
-0.0,-0.0,0.0,0.0,-0.0,-0.0,0.0,-0.0,0.0,0.0,0.0,-0.0,0.0,-0.0,0.0,0.0,0.0,0.0,0.0,-0.0,0.0,0.0,-0.0,0.0,-0.0,-0.0,0.0,0.0,-0.0,0.0,0.0,-0.0,-0.0,-0.0,-0.0,-0.0,0.0,-0.0,-0.0,0.0,,,,,,,,,,,,,,,,,,,,,,,,,,,,,,,,,,,,,,,,,,,,,,,,,,,,,,,,,,,,
-0.0,-0.0,0.0,0.0,-0.0,-0.0,0.0,-0.0,0.0,0.0,0.0,-0.0,0.0,-0.0,0.0,0.0,0.0,0.0,0.0,-0.0,0.0,0.0,-0.0,0.0,-0.0,-0.0,0.0,0.0,-0.0,0.0,0.0,-0.0,-0.0,-0.0,-0.0,-0.0,0.0,-0.0,-0.0,0.0,,,,,,,,,,,,,,,,,,,,,,,,,,,,,,,,,,,,,,,,,,,,,,,,,,,,,,,,,,,,
-0.0,-0.0,0.0,0.0,-0.0,-0.0,0.0,-0.0,0.0,0.0,0.0,-0.0,0.0,-0.0,0.0,0.0,0.0,0.0,0.0,-0.0,0.0,0.0,-0.0,0.0,-0.0,-0.0,0.0,0.0,-0.0,0.0,0.0,-0.0,-0.0,-0.0,-0.0,-0.0,0.0,-0.0,-0.0,0.0,,,,,,,,,,,,,,,,,,,,,,,,,,,,,,,,,,,,,,,,,,,,,,,,,,,,,,,,,,,,
-0.0,-0.0,0.0,0.0,-0.0,-0.0,0.0,-0.0,0.0,0.0,0.0,-0.0,0.0,-0.0,0.0,0.0,0.0,0.0,0.0,-0.0,0.0,0.0,-0.0,0.0,-0.0,-0.0,0.0,0.0,-0.0,0.0,0.0,-0.0,-0.0,-0.0,-0.0,-0.0,0.0,-0.0,-0.0,0.0,,,,,,,,,,,,,,,,,,,,,,,,,,,,,,,,,,,,,,,,,,,,,,,,,,,,,,,,,,,,
-0.0,-0.0,0.0,0.0,-0.0,-0.0,0.0,-0.0,0.0,0.0,0.0,-0.0,0.0,-0.0,0.0,0.0,0.0,0.0,0.0,-0.0,0.0,0.0,-0.0,0.0,-0.0,-0.0,0.0,0.0,-0.0,0.0,0.0,-0.0,-0.0,-0.0,-0.0,-0.0,0.0,-0.0,-0.0,0.0,,,,,,,,,,,,,,,,,,,,,,,,,,,,,,,,,,,,,,,,,,,,,,,,,,,,,,,,,,,,
-0.0,-0.0,0.0,0.0,-0.0,-0.0,0.0,-0.0,0.0,0.0,0.0,-0.0,0.0,-0.0,0.0,0.0,0.0,0.0,0.0,-0.0,0.0,0.0,-0.0,0.0,-0.0,-0.0,0.0,0.0,-0.0,0.0,0.0,-0.0,-0.0,-0.0,-0.0,-0.0,0.0,-0.0,-0.0,0.0,,,,,,,,,,,,,,,,,,,,,,,,,,,,,,,,,,,,,,,,,,,,,,,,,,,,,,,,,,,,
-4.6016526,-0.0,5.429195,0.0,-0.0,-0.7962057,30.368267,-7.130851,3.7715878,20.930422,14.399269,-10.6880045,24.984465,-0.0,11.581359,0.0,2.4123511,0.8360154,0.34371403,-0.0,12.725522,0.0,-0.0,10.7678,-0.0,-18.667309,20.765453,27.175783,-0.0,17.243704,0.0,-0.0,-5.816864,-13.517554,-8.836445,-17.105335,0.0,-1.4528072,-0.0,0.0,,,,,,,,,,,,,,,,,,,,,,,,,,,,,,,,,,,,,,,,,,,,,,,,,,,,,,,,,,,,
-0.8891369,-0.0,1.0490357,0.0,-0.0,-0.15384383,5.867793,-1.3778316,0.72875077,4.0442014,2.7822442,-2.065149,4.8275285,-0.0,2.2377641,0.0,0.4661174,0.1615359,0.066412844,-0.0,2.4588408,0.0,-0.0,2.0805676,-0.0,-3.6069198,4.0123262,5.250938,-0.0,3.3318493,0.0,-0.0,-1.1239415,-2.6118782,-1.7073885,-3.3051136,0.0,-0.28071317,-0.0,0.0,,,,,,,,,,,,,,,,,,,,,,,,,,,,,,,,,,,,,,,,,,,,,,,,,,,,,,,,,,,,
-0.0,-0.0,0.0,0.0,-0.0,-0.0,0.0,-0.0,0.0,0.0,0.0,-0.0,0.0,-0.0,0.0,0.0,0.0,0.0,0.0,-0.0,0.0,0.0,-0.0,0.0,-0.0,-0.0,0.0,0.0,-0.0,0.0,0.0,-0.0,-0.0,-0.0,-0.0,-0.0,0.0,-0.0,-0.0,0.0,,,,,,,,,,,,,,,,,,,,,,,,,,,,,,,,,,,,,,,,,,,,,,,,,,,,,,,,,,,,
-0.0,-0.0,0.0,0.0,-0.0,-0.0,0.0,-0.0,0.0,0.0,0.0,-0.0,0.0,-0.0,0.0,0.0,0.0,0.0,0.0,-0.0,0.0,0.0,-0.0,0.0,-0.0,-0.0,0.0,0.0,-0.0,0.0,0.0,-0.0,-0.0,-0.0,-0.0,-0.0,0.0,-0.0,-0.0,0.0,,,,,,,,,,,,,,,,,,,,,,,,,,,,,,,,,,,,,,,,,,,,,,,,,,,,,,,,,,,,
-0.46700102,-0.0,0.55098456,0.0,-0.0,-0.080803335,3.0819387,-0.72367793,0.38276148,2.1241343,1.461317,-1.0846775,2.5355608,-0.0,1.17534,0.0,0.24481866,0.08484344,0.03488199,-0.0,1.291456,0.0,-0.0,1.0927756,-0.0,-1.894461,2.1073923,2.757948,-0.0,1.7499858,0.0,-0.0,-0.5903274,-1.3718357,-0.89677095,-1.7359434,0.0,-0.14743887,-0.0,0.0,,,,,,,,,,,,,,,,,,,,,,,,,,,,,,,,,,,,,,,,,,,,,,,,,,,,,,,,,,,,
-1.4767934,-0.0,1.7423738,0.0,-0.0,-0.25552368,9.745989,-2.2884805,1.2104033,6.7171316,4.6211104,-3.430066,8.018182,-0.0,3.7167678,0.0,0.774188,0.2682997,0.11030702,-0.0,4.08396,0.0,-0.0,3.4556751,-0.0,-5.990838,6.664189,8.721436,-0.0,5.533965,0.0,-0.0,-1.8667872,-4.3381443,-2.8358512,-5.489559,0.0,-0.46624467,-0.0,0.0,,,,,,,,,,,,,,,,,,,,,,,,,,,,,,,,,,,,,,,,,,,,,,,,,,,,,,,,,,,,
-0.0,-0.0,0.0,0.0,-0.0,-0.0,0.0,-0.0,0.0,0.0,0.0,-0.0,0.0,-0.0,0.0,0.0,0.0,0.0,0.0,-0.0,0.0,0.0,-0.0,0.0,-0.0,-0.0,0.0,0.0,-0.0,0.0,0.0,-0.0,-0.0,-0.0,-0.0,-0.0,0.0,-0.0,-0.0,0.0,,,,,,,,,,,,,,,,,,,,,,,,,,,,,,,,,,,,,,,,,,,,,,,,,,,,,,,,,,,,
-0.0,-0.0,0.0,0.0,-0.0,-0.0,0.0,-0.0,0.0,0.0,0.0,-0.0,0.0,-0.0,0.0,0.0,0.0,0.0,0.0,-0.0,0.0,0.0,-0.0,0.0,-0.0,-0.0,0.0,0.0,-0.0,0.0,0.0,-0.0,-0.0,-0.0,-0.0,-0.0,0.0,-0.0,-0.0,0.0,,,,,,,,,,,,,,,,,,,,,,,,,,,,,,,,,,,,,,,,,,,,,,,,,,,,,,,,,,,,
-1.5214282,-0.0,1.7950356,0.0,-0.0,-0.2632467,10.040553,-2.3576481,1.2469869,6.9201517,4.7607794,-3.5337372,8.260526,-0.0,3.829104,0.0,0.79758716,0.27640882,0.113640964,-0.0,4.2073946,0.0,-0.0,3.56012,-0.0,-6.1719065,6.8656087,8.985034,-0.0,5.701225,0.0,-0.0,-1.9232093,-4.469261,-2.9215624,-5.6554766,0.0,-0.48033655,-0.0,0.0,,,,,,,,,,,,,,,,,,,,,,,,,,,,,,,,,,,,,,,,,,,,,,,,,,,,,,,,,,,,
-0.0,-0.0,0.0,0.0,-0.0,-0.0,0.0,-0.0,0.0,0.0,0.0,-0.0,0.0,-0.0,0.0,0.0,0.0,0.0,0.0,-0.0,0.0,0.0,-0.0,0.0,-0.0,-0.0,0.0,0.0,-0.0,0.0,0.0,-0.0,-0.0,-0.0,-0.0,-0.0,0.0,-0.0,-0.0,0.0,,,,,,,,,,,,,,,,,,,,,,,,,,,,,,,,,,,,,,,,,,,,,,,,,,,,,,,,,,,,
-3.0161214,-0.0,3.5585282,0.0,-0.0,-0.5218675,19.90467,-4.6738667,2.4720612,13.718699,9.4379015,-7.0053782,16.375895,-0.0,7.5909214,0.0,1.5811589,0.5479605,0.22528498,-0.0,8.340856,0.0,-0.0,7.05768,-0.0,-12.235357,13.610573,17.81218,-0.0,11.302266,0.0,-0.0,-3.8126233,-8.859987,-5.791786,-11.211574,0.0,-0.9522324,-0.0,0.0,,,,,,,,,,,,,,,,,,,,,,,,,,,,,,,,,,,,,,,,,,,,,,,,,,,,,,,,,,,,
-0.0,-0.0,0.0,0.0,-0.0,-0.0,0.0,-0.0,0.0,0.0,0.0,-0.0,0.0,-0.0,0.0,0.0,0.0,0.0,0.0,-0.0,0.0,0.0,-0.0,0.0,-0.0,-0.0,0.0,0.0,-0.0,0.0,0.0,-0.0,-0.0,-0.0,-0.0,-0.0,0.0,-0.0,-0.0,0.0,,,,,,,,,,,,,,,,,,,,,,,,,,,,,,,,,,,,,,,,,,,,,,,,,,,,,,,,,,,,
-0.0,-0.0,0.0,0.0,-0.0,-0.0,0.0,-0.0,0.0,0.0,0.0,-0.0,0.0,-0.0,0.0,0.0,0.0,0.0,0.0,-0.0,0.0,0.0,-0.0,0.0,-0.0,-0.0,0.0,0.0,-0.0,0.0,0.0,-0.0,-0.0,-0.0,-0.0,-0.0,0.0,-0.0,-0.0,0.0,,,,,,,,,,,,,,,,,,,,,,,,,,,,,,,,,,,,,,,,,,,,,,,,,,,,,,,,,,,,
-0.0,-0.0,0.0,0.0,-0.0,-0.0,0.0,-0.0,0.0,0.0,0.0,-0.0,0.0,-0.0,0.0,0.0,0.0,0.0,0.0,-0.0,0.0,0.0,-0.0,0.0,-0.0,-0.0,0.0,0.0,-0.0,0.0,0.0,-0.0,-0.0,-0.0,-0.0,-0.0,0.0,-0.0,-0.0,0.0,,,,,,,,,,,,,,,,,,,,,,,,,,,,,,,,,,,,,,,,,,,,,,,,,,,,,,,,,,,,
-1.1888872,-0.0,1.4026918,0.0,-0.0,-0.20570844,7.8459735,-1.8423332,0.9744309,5.4076033,3.7202084,-2.7613626,6.455009,-0.0,2.9921706,0.0,0.6232573,0.21599372,0.08880228,-0.0,3.2877777,0.0,-0.0,2.7819788,-0.0,-4.8229027,5.3649817,7.0211606,-0.0,4.455099,0.0,-0.0,-1.5028504,-3.4924078,-2.282992,-4.41935,0.0,-0.37534863,-0.0,0.0,,,,,,,,,,,,,,,,,,,,,,,,,,,,,,,,,,,,,,,,,,,,,,,,,,,,,,,,,,,,
-0.5747796,-0.0,0.67814565,0.0,-0.0,-0.09945184,3.7932158,-0.89069474,0.47109854,2.6143608,1.7985727,-1.3350089,3.12074,-0.0,1.4465953,0.0,0.30132008,0.10442436,0.042932365,-0.0,1.5895096,0.0,-0.0,1.3449761,-0.0,-2.3316815,2.593755,3.3944516,-0.0,2.153863,0.0,-0.0,-0.7265683,-1.6884401,-1.1037357,-2.1365798,0.0,-0.18146612,-0.0,0.0,,,,,,,,,,,,,,,,,,,,,,,,,,,,,,,,,,,,,,,,,,,,,,,,,,,,,,,,,,,,
-1.4180864,-0.0,1.6731092,0.0,-0.0,-0.24536586,9.358556,-2.1975067,1.1622862,6.4501057,4.437407,-3.2937107,7.699435,-0.0,3.569015,0.0,0.74341166,0.25763395,0.10592198,-0.0,3.9216104,0.0,-0.0,3.3183014,-0.0,-5.752684,6.3992677,8.374732,-0.0,5.3139734,0.0,-0.0,-1.7925768,-4.16569,-2.7231176,-5.2713327,0.0,-0.44771004,-0.0,0.0,,,,,,,,,,,,,,,,,,,,,,,,,,,,,,,,,,,,,,,,,,,,,,,,,,,,,,,,,,,,
-0.5188063,-0.0,0.61210626,0.0,-0.0,-0.08976699,3.4238236,-0.8039568,0.4252219,2.3597682,1.6234235,-1.2050027,2.816835,-0.0,1.3057226,0.0,0.27197683,0.094255276,0.03875151,-0.0,1.4347194,0.0,-0.0,1.2139992,-0.0,-2.1046169,2.341169,3.063892,-0.0,1.9441148,0.0,-0.0,-0.6558134,-1.5240159,-0.99625134,-1.9285147,0.0,-0.16379452,-0.0,0.0,,,,,,,,,,,,,,,,,,,,,,,,,,,,,,,,,,,,,,,,,,,,,,,,,,,,,,,,,,,,
-0.0,-0.0,0.0,0.0,-0.0,-0.0,0.0,-0.0,0.0,0.0,0.0,-0.0,0.0,-0.0,0.0,0.0,0.0,0.0,0.0,-0.0,0.0,0.0,-0.0,0.0,-0.0,-0.0,0.0,0.0,-0.0,0.0,0.0,-0.0,-0.0,-0.0,-0.0,-0.0,0.0,-0.0,-0.0,0.0,,,,,,,,,,,,,,,,,,,,,,,,,,,,,,,,,,,,,,,,,,,,,,,,,,,,,,,,,,,,
-3.2280343,-0.0,3.8085508,0.0,-0.0,-0.55853397,21.303175,-5.002253,2.6457484,14.682577,10.101008,-7.4975767,17.526466,-0.0,8.12426,0.0,1.6922512,0.58646023,0.24111353,-0.0,8.926885,0.0,-0.0,7.5535536,-0.0,-13.095015,14.566853,19.063663,-0.0,12.096364,0.0,-0.0,-4.0804987,-9.482491,-6.1987176,-11.999299,0.0,-1.0191364,-0.0,0.0,,,,,,,,,,,,,,,,,,,,,,,,,,,,,,,,,,,,,,,,,,,,,,,,,,,,,,,,,,,,
-1.0181823,-0.0,1.201288,0.0,-0.0,-0.17617205,6.719419,-1.5778041,0.83451843,4.631159,3.1860468,-2.3648758,5.5281744,-0.0,2.5625434,0.0,0.53376764,0.18498051,0.07605171,-0.0,2.815706,0.0,-0.0,2.382532,-0.0,-4.130412,4.5946574,6.013036,-0.0,3.8154192,0.0,-0.0,-1.2870654,-2.9909546,-1.9551914,-3.7848032,0.0,-0.32145464,-0.0,0.0,,,,,,,,,,,,,,,,,,,,,,,,,,,,,,,,,,,,,,,,,,,,,,,,,,,,,,,,,,,,
-1.6515336,-0.0,1.9485385,0.0,-0.0,-0.2857583,10.899174,-2.559263,1.3536232,7.51193,5.1678987,-3.8359256,8.966927,-0.0,4.156551,0.0,0.86579305,0.300046,0.123358995,-0.0,4.567191,0.0,-0.0,3.8645647,-0.0,-6.6996984,7.452723,9.753391,-0.0,6.1887665,0.0,-0.0,-2.087673,-4.8514514,-3.1714005,-6.1391063,0.0,-0.5214127,-0.0,0.0,,,,,,,,,,,,,,,,,,,,,,,,,,,,,,,,,,,,,,,,,,,,,,,,,,,,,,,,,,,,
-0.3128928,-0.0,0.36916214,0.0,-0.0,-0.054138597,2.0649128,-0.48486748,0.2564519,1.4231795,0.97908896,-0.7267388,1.6988372,-0.0,0.7874831,0.0,0.16402961,0.05684549,0.023371091,-0.0,0.86528134,0.0,-0.0,0.7321646,-0.0,-1.2692975,1.4119624,1.8478376,-0.0,1.1724985,0.0,-0.0,-0.395522,-0.9191361,-0.6008406,-1.16309,0.0,-0.09878471,-0.0,0.0,,,,,,,,,,,,,,,,,,,,,,,,,,,,,,,,,,,,,,,,,,,,,,,,,,,,,,,,,,,,
-0.12763663,-0.0,0.15059027,0.0,-0.0,-0.02208446,0.8423285,-0.19778933,0.10461301,0.5805498,0.39939436,-0.29645455,0.6929973,-0.0,0.32123363,0.0,0.06691169,0.023188666,0.00953364,-0.0,0.35296944,0.0,-0.0,0.29866788,-0.0,-0.5177775,0.57597405,0.75377816,-0.0,0.4782908,0.0,-0.0,-0.1613431,-0.37493813,-0.24509759,-0.47445285,0.0,-0.0402967,-0.0,0.0,,,,,,,,,,,,,,,,,,,,,,,,,,,,,,,,,,,,,,,,,,,,,,,,,,,,,,,,,,,,
0.0,0.0,40.288425,-40.288425,,,,,,,,,,,,,,,,,,,,,,,,,,,,,,,,,,,,,,,,,,,,,,,,,,,,,,,,,,,,,,,,,,,,,,,,,,,,,,,,,,,,,,,,,,,,,,,,
0.0,0.0,0.0,-0.0,,,,,,,,,,,,,,,,,,,,,,,,,,,,,,,,,,,,,,,,,,,,,,,,,,,,,,,,,,,,,,,,,,,,,,,,,,,,,,,,,,,,,,,,,,,,,,,,
0.0,0.0,51.39857,-51.39857,,,,,,,,,,,,,,,,,,,,,,,,,,,,,,,,,,,,,,,,,,,,,,,,,,,,,,,,,,,,,,,,,,,,,,,,,,,,,,,,,,,,,,,,,,,,,,,,
0.0,0.0,0.0,-0.0,,,,,,,,,,,,,,,,,,,,,,,,,,,,,,,,,,,,,,,,,,,,,,,,,,,,,,,,,,,,,,,,,,,,,,,,,,,,,,,,,,,,,,,,,,,,,,,,
0.0,0.0,0.0,-0.0,,,,,,,,,,,,,,,,,,,,,,,,,,,,,,,,,,,,,,,,,,,,,,,,,,,,,,,,,,,,,,,,,,,,,,,,,,,,,,,,,,,,,,,,,,,,,,,,
0.0,0.0,2.6145859,-2.6145859,,,,,,,,,,,,,,,,,,,,,,,,,,,,,,,,,,,,,,,,,,,,,,,,,,,,,,,,,,,,,,,,,,,,,,,,,,,,,,,,,,,,,,,,,,,,,,,,
0.0,0.0,0.5414635,-0.5414635,,,,,,,,,,,,,,,,,,,,,,,,,,,,,,,,,,,,,,,,,,,,,,,,,,,,,,,,,,,,,,,,,,,,,,,,,,,,,,,,,,,,,,,,,,,,,,,,
0.0,0.0,14.588445,-14.588445,,,,,,,,,,,,,,,,,,,,,,,,,,,,,,,,,,,,,,,,,,,,,,,,,,,,,,,,,,,,,,,,,,,,,,,,,,,,,,,,,,,,,,,,,,,,,,,,
0.0,0.0,0.9659107,-0.9659107,,,,,,,,,,,,,,,,,,,,,,,,,,,,,,,,,,,,,,,,,,,,,,,,,,,,,,,,,,,,,,,,,,,,,,,,,,,,,,,,,,,,,,,,,,,,,,,,
0.0,0.0,12.95602,-12.95602,,,,,,,,,,,,,,,,,,,,,,,,,,,,,,,,,,,,,,,,,,,,,,,,,,,,,,,,,,,,,,,,,,,,,,,,,,,,,,,,,,,,,,,,,,,,,,,,
0.0,0.0,32.953403,-32.953403,,,,,,,,,,,,,,,,,,,,,,,,,,,,,,,,,,,,,,,,,,,,,,,,,,,,,,,,,,,,,,,,,,,,,,,,,,,,,,,,,,,,,,,,,,,,,,,,
0.0,0.0,57.714535,-57.714535,,,,,,,,,,,,,,,,,,,,,,,,,,,,,,,,,,,,,,,,,,,,,,,,,,,,,,,,,,,,,,,,,,,,,,,,,,,,,,,,,,,,,,,,,,,,,,,,
0.0,0.0,3.8816001,-3.8816001,,,,,,,,,,,,,,,,,,,,,,,,,,,,,,,,,,,,,,,,,,,,,,,,,,,,,,,,,,,,,,,,,,,,,,,,,,,,,,,,,,,,,,,,,,,,,,,,
0.0,0.0,0.0,-0.0,,,,,,,,,,,,,,,,,,,,,,,,,,,,,,,,,,,,,,,,,,,,,,,,,,,,,,,,,,,,,,,,,,,,,,,,,,,,,,,,,,,,,,,,,,,,,,,,
0.0,0.0,5.734182,-5.734182,,,,,,,,,,,,,,,,,,,,,,,,,,,,,,,,,,,,,,,,,,,,,,,,,,,,,,,,,,,,,,,,,,,,,,,,,,,,,,,,,,,,,,,,,,,,,,,,
0.0,0.0,0.0,-0.0,,,,,,,,,,,,,,,,,,,,,,,,,,,,,,,,,,,,,,,,,,,,,,,,,,,,,,,,,,,,,,,,,,,,,,,,,,,,,,,,,,,,,,,,,,,,,,,,
0.0,0.0,4.594378,-4.594378,,,,,,,,,,,,,,,,,,,,,,,,,,,,,,,,,,,,,,,,,,,,,,,,,,,,,,,,,,,,,,,,,,,,,,,,,,,,,,,,,,,,,,,,,,,,,,,,
0.0,0.0,41.362988,-41.362988,,,,,,,,,,,,,,,,,,,,,,,,,,,,,,,,,,,,,,,,,,,,,,,,,,,,,,,,,,,,,,,,,,,,,,,,,,,,,,,,,,,,,,,,,,,,,,,,
0.0,0.0,17.511286,-17.511286,,,,,,,,,,,,,,,,,,,,,,,,,,,,,,,,,,,,,,,,,,,,,,,,,,,,,,,,,,,,,,,,,,,,,,,,,,,,,,,,,,,,,,,,,,,,,,,,
0.0,0.0,0.0,-0.0,,,,,,,,,,,,,,,,,,,,,,,,,,,,,,,,,,,,,,,,,,,,,,,,,,,,,,,,,,,,,,,,,,,,,,,,,,,,,,,,,,,,,,,,,,,,,,,,
0.0,0.0,36.1903,-36.1903,,,,,,,,,,,,,,,,,,,,,,,,,,,,,,,,,,,,,,,,,,,,,,,,,,,,,,,,,,,,,,,,,,,,,,,,,,,,,,,,,,,,,,,,,,,,,,,,
0.0,0.0,0.0,-0.0,,,,,,,,,,,,,,,,,,,,,,,,,,,,,,,,,,,,,,,,,,,,,,,,,,,,,,,,,,,,,,,,,,,,,,,,,,,,,,,,,,,,,,,,,,,,,,,,
0.0,0.0,0.0,-0.0,,,,,,,,,,,,,,,,,,,,,,,,,,,,,,,,,,,,,,,,,,,,,,,,,,,,,,,,,,,,,,,,,,,,,,,,,,,,,,,,,,,,,,,,,,,,,,,,
0.0,0.0,19.493439,-19.493439,,,,,,,,,,,,,,,,,,,,,,,,,,,,,,,,,,,,,,,,,,,,,,,,,,,,,,,,,,,,,,,,,,,,,,,,,,,,,,,,,,,,,,,,,,,,,,,,
0.0,0.0,0.0,-0.0,,,,,,,,,,,,,,,,,,,,,,,,,,,,,,,,,,,,,,,,,,,,,,,,,,,,,,,,,,,,,,,,,,,,,,,,,,,,,,,,,,,,,,,,,,,,,,,,
0.0,0.0,21.197317,-21.197317,,,,,,,,,,,,,,,,,,,,,,,,,,,,,,,,,,,,,,,,,,,,,,,,,,,,,,,,,,,,,,,,,,,,,,,,,,,,,,,,,,,,,,,,,,,,,,,,
0.0,0.0,29.16065,-29.16065,,,,,,,,,,,,,,,,,,,,,,,,,,,,,,,,,,,,,,,,,,,,,,,,,,,,,,,,,,,,,,,,,,,,,,,,,,,,,,,,,,,,,,,,,,,,,,,,
0.0,0.0,40.050426,-40.050426,,,,,,,,,,,,,,,,,,,,,,,,,,,,,,,,,,,,,,,,,,,,,,,,,,,,,,,,,,,,,,,,,,,,,,,,,,,,,,,,,,,,,,,,,,,,,,,,
0.0,0.0,0.0,-0.0,,,,,,,,,,,,,,,,,,,,,,,,,,,,,,,,,,,,,,,,,,,,,,,,,,,,,,,,,,,,,,,,,,,,,,,,,,,,,,,,,,,,,,,,,,,,,,,,
0.0,0.0,17.50841,-17.50841,,,,,,,,,,,,,,,,,,,,,,,,,,,,,,,,,,,,,,,,,,,,,,,,,,,,,,,,,,,,,,,,,,,,,,,,,,,,,,,,,,,,,,,,,,,,,,,,
0.0,0.0,0.0,-0.0,,,,,,,,,,,,,,,,,,,,,,,,,,,,,,,,,,,,,,,,,,,,,,,,,,,,,,,,,,,,,,,,,,,,,,,,,,,,,,,,,,,,,,,,,,,,,,,,
0.0,0.0,0.0,-0.0,,,,,,,,,,,,,,,,,,,,,,,,,,,,,,,,,,,,,,,,,,,,,,,,,,,,,,,,,,,,,,,,,,,,,,,,,,,,,,,,,,,,,,,,,,,,,,,,
0.0,0.0,19.754936,-19.754936,,,,,,,,,,,,,,,,,,,,,,,,,,,,,,,,,,,,,,,,,,,,,,,,,,,,,,,,,,,,,,,,,,,,,,,,,,,,,,,,,,,,,,,,,,,,,,,,
0.0,0.0,12.308125,-12.308125,,,,,,,,,,,,,,,,,,,,,,,,,,,,,,,,,,,,,,,,,,,,,,,,,,,,,,,,,,,,,,,,,,,,,,,,,,,,,,,,,,,,,,,,,,,,,,,,
0.0,0.0,2.4004128,-2.4004128,,,,,,,,,,,,,,,,,,,,,,,,,,,,,,,,,,,,,,,,,,,,,,,,,,,,,,,,,,,,,,,,,,,,,,,,,,,,,,,,,,,,,,,,,,,,,,,,
0.0,0.0,17.954576,-17.954576,,,,,,,,,,,,,,,,,,,,,,,,,,,,,,,,,,,,,,,,,,,,,,,,,,,,,,,,,,,,,,,,,,,,,,,,,,,,,,,,,,,,,,,,,,,,,,,,
0.0,0.0,0.0,-0.0,,,,,,,,,,,,,,,,,,,,,,,,,,,,,,,,,,,,,,,,,,,,,,,,,,,,,,,,,,,,,,,,,,,,,,,,,,,,,,,,,,,,,,,,,,,,,,,,
0.0,0.0,22.671131,-22.671131,,,,,,,,,,,,,,,,,,,,,,,,,,,,,,,,,,,,,,,,,,,,,,,,,,,,,,,,,,,,,,,,,,,,,,,,,,,,,,,,,,,,,,,,,,,,,,,,
0.0,0.0,0.0,-0.0,,,,,,,,,,,,,,,,,,,,,,,,,,,,,,,,,,,,,,,,,,,,,,,,,,,,,,,,,,,,,,,,,,,,,,,,,,,,,,,,,,,,,,,,,,,,,,,,
0.0,0.0,0.0,-0.0,,,,,,,,,,,,,,,,,,,,,,,,,,,,,,,,,,,,,,,,,,,,,,,,,,,,,,,,,,,,,,,,,,,,,,,,,,,,,,,,,,,,,,,,,,,,,,,,
