-0.0,-5.302999089376328,0.0,-1.0294927121936046,0.0,0.0,8.007868612019692,0.6215501492936449,8.262643811441688,-0.0,-11.039271616454458,-0.0,-0.0,-0.1707990551431946,10.433953197793482,0.0,-0.0,-0.0,-2.5094991050623165,-5.158158420716724,0.0,0.0,6.469207366235553,-12.264660859348146,-0.0,-12.564811083584704,11.085420526452713,0.0,0.0,0.0,-3.061845002015979,0.9884573563901689,0.0,12.875275794221038,-0.0,0.0,-0.08006851486943223,-5.9751128228412975,5.732251289790475,0.2718035120477502,5.586814468268578,-0.0,7.212198636368437,0.9689226892603817,-0.0,2.794110408255727,0.0,1.5736860776327504,-0.0,10.357731138528383,-4.303227241390585,6.137379860863774,-0.0,-2.398572175698714,-0.0,-0.0,-1.427567108627914,-4.341219272803913,0.0,4.1850634154475,-0.8791877883756845,2.580818813653296,-1.8928682870519014,8.407653513539314,-14.496410244890523,-4.248502508425298,0.0,1.6737050879369217,0.0,-1.8771428211574275,-0.0,0.0,0.0,-0.0,0.0,0.0,-0.9101503334274943,-0.6813766495812601,-0.0,0.0,-1.8709103509675336,-2.936419328717184,-0.0,0.0,-1.579274097051473,0.0,-8.523951742322227,0.0,-0.0,-0.0,4.95447966139912,8.1138287161354,-5.1069448629135135,-10.41010682529804,0.0,-1.8236304969314416,-4.10073241320167,-4.915876641084877,-2.378254730272743,8.752061212555201
0.0,5.302999089376328,-0.0,1.0294927121936046,-0.0,-0.0,-8.007868612019692,-0.6215501492936449,-8.262643811441688,0.0,11.039271616454458,0.0,0.0,0.1707990551431946,-10.433953197793482,-0.0,0.0,0.0,2.5094991050623165,5.158158420716724,-0.0,-0.0,-6.469207366235553,12.264660859348146,0.0,12.564811083584704,-11.085420526452713,-0.0,-0.0,-0.0,3.061845002015979,-0.9884573563901689,-0.0,-12.875275794221038,0.0,-0.0,0.08006851486943223,5.9751128228412975,-5.732251289790475,-0.2718035120477502,-5.586814468268578,0.0,-7.212198636368437,-0.9689226892603817,0.0,-2.794110408255727,-0.0,-1.5736860776327504,0.0,-10.357731138528383,4.303227241390585,-6.137379860863774,0.0,2.398572175698714,0.0,0.0,1.427567108627914,4.341219272803913,-0.0,-4.1850634154475,0.8791877883756845,-2.580818813653296,1.8928682870519014,-8.407653513539314,14.496410244890523,4.248502508425298,-0.0,-1.6737050879369217,-0.0,1.8771428211574275,0.0,-0.0,-0.0,0.0,-0.0,-0.0,0.9101503334274943,0.6813766495812601,0.0,-0.0,1.8709103509675336,2.936419328717184,0.0,-0.0,1.579274097051473,-0.0,8.523951742322227,-0.0,0.0,0.0,-4.95447966139912,-8.1138287161354,5.1069448629135135,10.41010682529804,-0.0,1.8236304969314416,4.10073241320167,4.915876641084877,2.378254730272743,-8.752061212555201
0.0,5.302999089376328,-0.0,1.0294927121936046,-0.0,-0.0,-8.007868612019692,-0.6215501492936449,-8.262643811441688,0.0,11.039271616454458,0.0,0.0,0.1707990551431946,-10.433953197793482,-0.0,0.0,0.0,2.5094991050623165,5.158158420716724,-0.0,-0.0,-6.469207366235553,12.264660859348146,0.0,12.564811083584704,-11.085420526452713,-0.0,-0.0,-0.0,3.061845002015979,-0.9884573563901689,-0.0,-12.875275794221038,0.0,-0.0,0.08006851486943223,5.9751128228412975,-5.732251289790475,-0.2718035120477502,-5.586814468268578,0.0,-7.212198636368437,-0.9689226892603817,0.0,-2.794110408255727,-0.0,-1.5736860776327504,0.0,-10.357731138528383,4.303227241390585,-6.137379860863774,0.0,2.398572175698714,0.0,0.0,1.427567108627914,4.341219272803913,-0.0,-4.1850634154475,0.8791877883756845,-2.580818813653296,1.8928682870519014,-8.407653513539314,14.496410244890523,4.248502508425298,-0.0,-1.6737050879369217,-0.0,1.8771428211574275,0.0,-0.0,-0.0,0.0,-0.0,-0.0,0.9101503334274943,0.6813766495812601,0.0,-0.0,1.8709103509675336,2.936419328717184,0.0,-0.0,1.579274097051473,-0.0,8.523951742322227,-0.0,0.0,0.0,-4.95447966139912,-8.1138287161354,5.1069448629135135,10.41010682529804,-0.0,1.8236304969314416,4.10073241320167,4.915876641084877,2.378254730272743,-8.752061212555201
0.0,5.302999089376328,-0.0,1.0294927121936046,-0.0,-0.0,-8.007868612019692,-0.6215501492936449,-8.262643811441688,0.0,11.039271616454458,0.0,0.0,0.1707990551431946,-10.433953197793482,-0.0,0.0,0.0,2.5094991050623165,5.158158420716724,-0.0,-0.0,-6.469207366235553,12.264660859348146,0.0,12.564811083584704,-11.085420526452713,-0.0,-0.0,-0.0,3.061845002015979,-0.9884573563901689,-0.0,-12.875275794221038,0.0,-0.0,0.08006851486943223,5.9751128228412975,-5.732251289790475,-0.2718035120477502,-5.586814468268578,0.0,-7.212198636368437,-0.9689226892603817,0.0,-2.794110408255727,-0.0,-1.5736860776327504,0.0,-10.357731138528383,4.303227241390585,-6.137379860863774,0.0,2.398572175698714,0.0,0.0,1.427567108627914,4.341219272803913,-0.0,-4.1850634154475,0.8791877883756845,-2.580818813653296,1.8928682870519014,-8.407653513539314,14.496410244890523,4.248502508425298,-0.0,-1.6737050879369217,-0.0,1.8771428211574275,0.0,-0.0,-0.0,0.0,-0.0,-0.0,0.9101503334274943,0.6813766495812601,0.0,-0.0,1.8709103509675336,2.936419328717184,0.0,-0.0,1.579274097051473,-0.0,8.523951742322227,-0.0,0.0,0.0,-4.95447966139912,-8.1138287161354,5.1069448629135135,10.41010682529804,-0.0,1.8236304969314416,4.10073241320167,4.915876641084877,2.378254730272743,-8.752061212555201
-0.0,-5.302999089376328,0.0,-1.0294927121936046,0.0,0.0,8.007868612019692,0.6215501492936449,8.262643811441688,-0.0,-11.039271616454458,-0.0,-0.0,-0.1707990551431946,10.433953197793482,0.0,-0.0,-0.0,-2.5094991050623165,-5.158158420716724,0.0,0.0,6.469207366235553,-12.264660859348146,-0.0,-12.564811083584704,11.085420526452713,0.0,0.0,0.0,-3.061845002015979,0.9884573563901689,0.0,12.875275794221038,-0.0,0.0,-0.08006851486943223,-5.9751128228412975,5.732251289790475,0.2718035120477502,5.586814468268578,-0.0,7.212198636368437,0.9689226892603817,-0.0,2.794110408255727,0.0,1.5736860776327504,-0.0,10.357731138528383,-4.303227241390585,6.137379860863774,-0.0,-2.398572175698714,-0.0,-0.0,-1.427567108627914,-4.341219272803913,0.0,4.1850634154475,-0.8791877883756845,2.580818813653296,-1.8928682870519014,8.407653513539314,-14.496410244890523,-4.248502508425298,0.0,1.6737050879369217,0.0,-1.8771428211574275,-0.0,0.0,0.0,-0.0,0.0,0.0,-0.9101503334274943,-0.6813766495812601,-0.0,0.0,-1.8709103509675336,-2.936419328717184,-0.0,0.0,-1.579274097051473,0.0,-8.523951742322227,0.0,-0.0,-0.0,4.95447966139912,8.1138287161354,-5.1069448629135135,-10.41010682529804,0.0,-1.8236304969314416,-4.10073241320167,-4.915876641084877,-2.378254730272743,8.752061212555201
-0.0,-5.302999089376328,0.0,-1.0294927121936046,0.0,0.0,8.007868612019692,0.6215501492936449,8.262643811441688,-0.0,-11.039271616454458,-0.0,-0.0,-0.1707990551431946,10.433953197793482,0.0,-0.0,-0.0,-2.5094991050623165,-5.158158420716724,0.0,0.0,6.469207366235553,-12.264660859348146,-0.0,-12.564811083584704,11.085420526452713,0.0,0.0,0.0,-3.061845002015979,0.9884573563901689,0.0,12.875275794221038,-0.0,0.0,-0.08006851486943223,-5.9751128228412975,5.732251289790475,0.2718035120477502,5.586814468268578,-0.0,7.212198636368437,0.9689226892603817,-0.0,2.794110408255727,0.0,1.5736860776327504,-0.0,10.357731138528383,-4.303227241390585,6.137379860863774,-0.0,-2.398572175698714,-0.0,-0.0,-1.427567108627914,-4.341219272803913,0.0,4.1850634154475,-0.8791877883756845,2.580818813653296,-1.8928682870519014,8.407653513539314,-14.496410244890523,-4.248502508425298,0.0,1.6737050879369217,0.0,-1.8771428211574275,-0.0,0.0,0.0,-0.0,0.0,0.0,-0.9101503334274943,-0.6813766495812601,-0.0,0.0,-1.8709103509675336,-2.936419328717184,-0.0,0.0,-1.579274097051473,0.0,-8.523951742322227,0.0,-0.0,-0.0,4.95447966139912,8.1138287161354,-5.1069448629135135,-10.41010682529804,0.0,-1.8236304969314416,-4.10073241320167,-4.915876641084877,-2.378254730272743,8.752061212555201
0.0,5.302999089376328,-0.0,1.0294927121936046,-0.0,-0.0,-8.007868612019692,-0.6215501492936449,-8.262643811441688,0.0,11.039271616454458,0.0,0.0,0.1707990551431946,-10.433953197793482,-0.0,0.0,0.0,2.5094991050623165,5.158158420716724,-0.0,-0.0,-6.469207366235553,12.264660859348146,0.0,12.564811083584704,-11.085420526452713,-0.0,-0.0,-0.0,3.061845002015979,-0.9884573563901689,-0.0,-12.875275794221038,0.0,-0.0,0.08006851486943223,5.9751128228412975,-5.732251289790475,-0.2718035120477502,-5.586814468268578,0.0,-7.212198636368437,-0.9689226892603817,0.0,-2.794110408255727,-0.0,-1.5736860776327504,0.0,-10.357731138528383,4.303227241390585,-6.137379860863774,0.0,2.398572175698714,0.0,0.0,1.427567108627914,4.341219272803913,-0.0,-4.1850634154475,0.8791877883756845,-2.580818813653296,1.8928682870519014,-8.407653513539314,14.496410244890523,4.248502508425298,-0.0,-1.6737050879369217,-0.0,1.8771428211574275,0.0,-0.0,-0.0,0.0,-0.0,-0.0,0.9101503334274943,0.6813766495812601,0.0,-0.0,1.8709103509675336,2.936419328717184,0.0,-0.0,1.579274097051473,-0.0,8.523951742322227,-0.0,0.0,0.0,-4.95447966139912,-8.1138287161354,5.1069448629135135,10.41010682529804,-0.0,1.8236304969314416,4.10073241320167,4.915876641084877,2.378254730272743,-8.752061212555201
-0.0,-5.302999089376328,0.0,-1.0294927121936046,0.0,0.0,8.007868612019692,0.6215501492936449,8.262643811441688,-0.0,-11.039271616454458,-0.0,-0.0,-0.1707990551431946,10.433953197793482,0.0,-0.0,-0.0,-2.5094991050623165,-5.158158420716724,0.0,0.0,6.469207366235553,-12.264660859348146,-0.0,-12.564811083584704,11.085420526452713,0.0,0.0,0.0,-3.061845002015979,0.9884573563901689,0.0,12.875275794221038,-0.0,0.0,-0.08006851486943223,-5.9751128228412975,5.732251289790475,0.2718035120477502,5.586814468268578,-0.0,7.212198636368437,0.9689226892603817,-0.0,2.794110408255727,0.0,1.5736860776327504,-0.0,10.357731138528383,-4.303227241390585,6.137379860863774,-0.0,-2.398572175698714,-0.0,-0.0,-1.427567108627914,-4.341219272803913,0.0,4.1850634154475,-0.8791877883756845,2.580818813653296,-1.8928682870519014,8.407653513539314,-14.496410244890523,-4.248502508425298,0.0,1.6737050879369217,0.0,-1.8771428211574275,-0.0,0.0,0.0,-0.0,0.0,0.0,-0.9101503334274943,-0.6813766495812601,-0.0,0.0,-1.8709103509675336,-2.936419328717184,-0.0,0.0,-1.579274097051473,0.0,-8.523951742322227,0.0,-0.0,-0.0,4.95447966139912,8.1138287161354,-5.1069448629135135,-10.41010682529804,0.0,-1.8236304969314416,-4.10073241320167,-4.915876641084877,-2.378254730272743,8.752061212555201
0.0,5.302999089376328,-0.0,1.0294927121936046,-0.0,-0.0,-8.007868612019692,-0.6215501492936449,-8.262643811441688,0.0,11.039271616454458,0.0,0.0,0.1707990551431946,-10.433953197793482,-0.0,0.0,0.0,2.5094991050623165,5.158158420716724,-0.0,-0.0,-6.469207366235553,12.264660859348146,0.0,12.564811083584704,-11.085420526452713,-0.0,-0.0,-0.0,3.061845002015979,-0.9884573563901689,-0.0,-12.875275794221038,0.0,-0.0,0.08006851486943223,5.9751128228412975,-5.732251289790475,-0.2718035120477502,-5.586814468268578,0.0,-7.212198636368437,-0.9689226892603817,0.0,-2.794110408255727,-0.0,-1.5736860776327504,0.0,-10.357731138528383,4.303227241390585,-6.137379860863774,0.0,2.398572175698714,0.0,0.0,1.427567108627914,4.341219272803913,-0.0,-4.1850634154475,0.8791877883756845,-2.580818813653296,1.8928682870519014,-8.407653513539314,14.496410244890523,4.248502508425298,-0.0,-1.6737050879369217,-0.0,1.8771428211574275,0.0,-0.0,-0.0,0.0,-0.0,-0.0,0.9101503334274943,0.6813766495812601,0.0,-0.0,1.8709103509675336,2.936419328717184,0.0,-0.0,1.579274097051473,-0.0,8.523951742322227,-0.0,0.0,0.0,-4.95447966139912,-8.1138287161354,5.1069448629135135,10.41010682529804,-0.0,1.8236304969314416,4.10073241320167,4.915876641084877,2.378254730272743,-8.752061212555201
0.0,5.302999089376328,-0.0,1.0294927121936046,-0.0,-0.0,-8.007868612019692,-0.6215501492936449,-8.262643811441688,0.0,11.039271616454458,0.0,0.0,0.1707990551431946,-10.433953197793482,-0.0,0.0,0.0,2.5094991050623165,5.158158420716724,-0.0,-0.0,-6.469207366235553,12.264660859348146,0.0,12.564811083584704,-11.085420526452713,-0.0,-0.0,-0.0,3.061845002015979,-0.9884573563901689,-0.0,-12.875275794221038,0.0,-0.0,0.08006851486943223,5.9751128228412975,-5.732251289790475,-0.2718035120477502,-5.586814468268578,0.0,-7.212198636368437,-0.9689226892603817,0.0,-2.794110408255727,-0.0,-1.5736860776327504,0.0,-10.357731138528383,4.303227241390585,-6.137379860863774,0.0,2.398572175698714,0.0,0.0,1.427567108627914,4.341219272803913,-0.0,-4.1850634154475,0.8791877883756845,-2.580818813653296,1.8928682870519014,-8.407653513539314,14.496410244890523,4.248502508425298,-0.0,-1.6737050879369217,-0.0,1.8771428211574275,0.0,-0.0,-0.0,0.0,-0.0,-0.0,0.9101503334274943,0.6813766495812601,0.0,-0.0,1.8709103509675336,2.936419328717184,0.0,-0.0,1.579274097051473,-0.0,8.523951742322227,-0.0,0.0,0.0,-4.95447966139912,-8.1138287161354,5.1069448629135135,10.41010682529804,-0.0,1.8236304969314416,4.10073241320167,4.915876641084877,2.378254730272743,-8.752061212555201
-0.0,-5.302999089376328,0.0,-1.0294927121936046,0.0,0.0,8.007868612019692,0.6215501492936449,8.262643811441688,-0.0,-11.039271616454458,-0.0,-0.0,-0.1707990551431946,10.433953197793482,0.0,-0.0,-0.0,-2.5094991050623165,-5.158158420716724,0.0,0.0,6.469207366235553,-12.264660859348146,-0.0,-12.564811083584704,11.085420526452713,0.0,0.0,0.0,-3.061845002015979,0.9884573563901689,0.0,12.875275794221038,-0.0,0.0,-0.08006851486943223,-5.9751128228412975,5.732251289790475,0.2718035120477502,5.586814468268578,-0.0,7.212198636368437,0.9689226892603817,-0.0,2.794110408255727,0.0,1.5736860776327504,-0.0,10.357731138528383,-4.303227241390585,6.137379860863774,-0.0,-2.398572175698714,-0.0,-0.0,-1.427567108627914,-4.341219272803913,0.0,4.1850634154475,-0.8791877883756845,2.580818813653296,-1.8928682870519014,8.407653513539314,-14.496410244890523,-4.248502508425298,0.0,1.6737050879369217,0.0,-1.8771428211574275,-0.0,0.0,0.0,-0.0,0.0,0.0,-0.9101503334274943,-0.6813766495812601,-0.0,0.0,-1.8709103509675336,-2.936419328717184,-0.0,0.0,-1.579274097051473,0.0,-8.523951742322227,0.0,-0.0,-0.0,4.95447966139912,8.1138287161354,-5.1069448629135135,-10.41010682529804,0.0,-1.8236304969314416,-4.10073241320167,-4.915876641084877,-2.378254730272743,8.752061212555201
-0.0,-5.302999089376328,0.0,-1.0294927121936046,0.0,0.0,8.007868612019692,0.6215501492936449,8.262643811441688,-0.0,-11.039271616454458,-0.0,-0.0,-0.1707990551431946,10.433953197793482,0.0,-0.0,-0.0,-2.5094991050623165,-5.158158420716724,0.0,0.0,6.469207366235553,-12.264660859348146,-0.0,-12.564811083584704,11.085420526452713,0.0,0.0,0.0,-3.061845002015979,0.9884573563901689,0.0,12.875275794221038,-0.0,0.0,-0.08006851486943223,-5.9751128228412975,5.732251289790475,0.2718035120477502,5.586814468268578,-0.0,7.212198636368437,0.9689226892603817,-0.0,2.794110408255727,0.0,1.5736860776327504,-0.0,10.357731138528383,-4.303227241390585,6.137379860863774,-0.0,-2.398572175698714,-0.0,-0.0,-1.427567108627914,-4.341219272803913,0.0,4.1850634154475,-0.8791877883756845,2.580818813653296,-1.8928682870519014,8.407653513539314,-14.496410244890523,-4.248502508425298,0.0,1.6737050879369217,0.0,-1.8771428211574275,-0.0,0.0,0.0,-0.0,0.0,0.0,-0.9101503334274943,-0.6813766495812601,-0.0,0.0,-1.8709103509675336,-2.936419328717184,-0.0,0.0,-1.579274097051473,0.0,-8.523951742322227,0.0,-0.0,-0.0,4.95447966139912,8.1138287161354,-5.1069448629135135,-10.41010682529804,0.0,-1.8236304969314416,-4.10073241320167,-4.915876641084877,-2.378254730272743,8.752061212555201
0.0,5.302999089376328,-0.0,1.0294927121936046,-0.0,-0.0,-8.007868612019692,-0.6215501492936449,-8.262643811441688,0.0,11.039271616454458,0.0,0.0,0.1707990551431946,-10.433953197793482,-0.0,0.0,0.0,2.5094991050623165,5.158158420716724,-0.0,-0.0,-6.469207366235553,12.264660859348146,0.0,12.564811083584704,-11.085420526452713,-0.0,-0.0,-0.0,3.061845002015979,-0.9884573563901689,-0.0,-12.875275794221038,0.0,-0.0,0.08006851486943223,5.9751128228412975,-5.732251289790475,-0.2718035120477502,-5.586814468268578,0.0,-7.212198636368437,-0.9689226892603817,0.0,-2.794110408255727,-0.0,-1.5736860776327504,0.0,-10.357731138528383,4.303227241390585,-6.137379860863774,0.0,2.398572175698714,0.0,0.0,1.427567108627914,4.341219272803913,-0.0,-4.1850634154475,0.8791877883756845,-2.580818813653296,1.8928682870519014,-8.407653513539314,14.496410244890523,4.248502508425298,-0.0,-1.6737050879369217,-0.0,1.8771428211574275,0.0,-0.0,-0.0,0.0,-0.0,-0.0,0.9101503334274943,0.6813766495812601,0.0,-0.0,1.8709103509675336,2.936419328717184,0.0,-0.0,1.579274097051473,-0.0,8.523951742322227,-0.0,0.0,0.0,-4.95447966139912,-8.1138287161354,5.1069448629135135,10.41010682529804,-0.0,1.8236304969314416,4.10073241320167,4.915876641084877,2.378254730272743,-8.752061212555201
0.0,5.302999089376328,-0.0,1.0294927121936046,-0.0,-0.0,-8.007868612019692,-0.6215501492936449,-8.262643811441688,0.0,11.039271616454458,0.0,0.0,0.1707990551431946,-10.433953197793482,-0.0,0.0,0.0,2.5094991050623165,5.158158420716724,-0.0,-0.0,-6.469207366235553,12.264660859348146,0.0,12.564811083584704,-11.085420526452713,-0.0,-0.0,-0.0,3.061845002015979,-0.9884573563901689,-0.0,-12.875275794221038,0.0,-0.0,0.08006851486943223,5.9751128228412975,-5.732251289790475,-0.2718035120477502,-5.586814468268578,0.0,-7.212198636368437,-0.9689226892603817,0.0,-2.794110408255727,-0.0,-1.5736860776327504,0.0,-10.357731138528383,4.303227241390585,-6.137379860863774,0.0,2.398572175698714,0.0,0.0,1.427567108627914,4.341219272803913,-0.0,-4.1850634154475,0.8791877883756845,-2.580818813653296,1.8928682870519014,-8.407653513539314,14.496410244890523,4.248502508425298,-0.0,-1.6737050879369217,-0.0,1.8771428211574275,0.0,-0.0,-0.0,0.0,-0.0,-0.0,0.9101503334274943,0.6813766495812601,0.0,-0.0,1.8709103509675336,2.936419328717184,0.0,-0.0,1.579274097051473,-0.0,8.523951742322227,-0.0,0.0,0.0,-4.95447966139912,-8.1138287161354,5.1069448629135135,10.41010682529804,-0.0,1.8236304969314416,4.10073241320167,4.915876641084877,2.378254730272743,-8.752061212555201
-0.0,-0.0,0.0,0.0,-0.0,-0.0,0.0,-0.0,0.0,0.0,0.0,-0.0,0.0,-0.0,0.0,0.0,0.0,0.0,0.0,-0.0,0.0,0.0,-0.0,0.0,-0.0,-0.0,0.0,0.0,-0.0,0.0,0.0,-0.0,-0.0,-0.0,-0.0,-0.0,0.0,-0.0,-0.0,0.0
-2.3095391482233354,-0.0,2.724877085044235,0.0,-0.0,-0.3996103943481575,15.24163216394222,-3.5789269715174443,1.8929350513719092,10.504840313981116,7.226897905216409,-5.3642386492493,12.539536938633443,-0.0,5.812607555836487,0.0,1.210743134879933,0.41959061718767576,0.17250780439049002,-0.0,6.386855409513362,0.0,-0.0,5.404288260052765,-0.0,-9.368998717570962,10.422043986005002,13.639346758169623,-0.0,8.654500976544883,0.0,-0.0,-2.919445684419013,-6.784371026351421,-4.434953006454181,-8.585054725743777,0.0,-0.7291543709233563,-0.0,0.0
-0.0,-0.0,0.0,0.0,-0.0,-0.0,0.0,-0.0,0.0,0.0,0.0,-0.0,0.0,-0.0,0.0,0.0,0.0,0.0,0.0,-0.0,0.0,0.0,-0.0,0.0,-0.0,-0.0,0.0,0.0,-0.0,0.0,0.0,-0.0,-0.0,-0.0,-0.0,-0.0,0.0,-0.0,-0.0,0.0
-2.5384811347786562,-0.0,2.9949910484507445,0.0,-0.0,-0.4392233178184529,16.752517809090406,-3.933701927909042,2.0805795480736275,11.546173175465345,7.9432920673701535,-5.8959895198334635,13.782566960195542,-0.0,6.388804725701904,0.0,1.3307627235155544,0.4611841574023187,0.18960830665469167,-0.0,7.019977115382877,0.0,-0.0,5.9400092029629015,-0.0,-10.297736894659238,11.455169341753328,14.991399675105182,-0.0,9.51241180595835,0.0,-0.0,-3.208847011582234,-7.456898002781377,-4.874584849178385,-9.436081427373804,0.0,-0.8014346136345943,-0.0,0.0
-0.0,-0.0,0.0,0.0,-0.0,-0.0,0.0,-0.0,0.0,0.0,0.0,-0.0,0.0,-0.0,0.0,0.0,0.0,0.0,0.0,-0.0,0.0,0.0,-0.0,0.0,-0.0,-0.0,0.0,0.0,-0.0,0.0,0.0,-0.0,-0.0,-0.0,-0.0,-0.0,0.0,-0.0,-0.0,0.0
-0.0,-0.0,0.0,0.0,-0.0,-0.0,0.0,-0.0,0.0,0.0,0.0,-0.0,0.0,-0.0,0.0,0.0,0.0,0.0,0.0,-0.0,0.0,0.0,-0.0,0.0,-0.0,-0.0,0.0,0.0,-0.0,0.0,0.0,-0.0,-0.0,-0.0,-0.0,-0.0,0.0,-0.0,-0.0,0.0
-0.3864658605457163,-0.0,0.4559662772389126,0.0,-0.0,-0.06686865431728096,2.550452758027721,-0.59887839222893,0.31675357144231975,1.7578234839453175,1.2093102297763745,-0.8976228471162727,2.0982986746779084,-0.0,0.9726504886522293,0.0,0.20259924491045864,0.07021203735519554,0.028866528253443536,-0.0,1.0687420362272018,0.0,-0.0,0.9043245336045008,-0.0,-1.5677578596678712,1.743968791693866,2.2823349351892963,-0.0,1.44819765019663,0.0,-0.0,-0.48852434028382485,-1.13526016174149,-0.7421211852752647,-1.43657688806399,0.0,-0.12201277109606093,-0.0,0.0
-0.23291233654637147,-0.0,0.2747983246647034,0.0,-0.0,-0.04029989737452412,1.5370876751818647,-0.3609275226645126,0.19089865875827217,1.0593918290833235,0.7288179888099737,-0.5409725825821714,1.2645868548421861,-0.0,0.5861896769744873,0.0,0.1221009882942648,0.042314862303717594,0.017397062017321583,-0.0,0.6441014077453251,0.0,-0.0,0.5450115045624218,-0.0,-0.9448445089523954,1.0510419874185,1.3755004433916034,-0.0,0.872788861639594,0.0,-0.0,-0.29442017309008983,-0.6841900510587101,-0.4472560112268381,-0.8657853481676904,0.0,-0.07353373869648555,-0.0,0.0
-2.3218188132558977,-0.0,2.7393650740809172,0.0,-0.0,-0.40173509606187396,15.322670901764317,-3.5979558866237524,1.9029996603122359,10.560693846654713,7.265322837553603,-5.392759947023437,12.606208817041875,-0.0,5.84351280106964,0.0,1.2171805750715128,0.4218215524085982,0.17342501683741804,-0.0,6.420813892139892,0.0,-0.0,5.433022498926312,-0.0,-9.418813056518532,10.477457296145781,13.711866251758693,-0.0,8.700516378837461,0.0,-0.0,-2.9349681816726334,-6.820443072899887,-4.458533354679197,-8.630700886970118,0.0,-0.7330312358982823,-0.0,0.0
-0.0,-0.0,0.0,0.0,-0.0,-0.0,0.0,-0.0,0.0,0.0,0.0,-0.0,0.0,-0.0,0.0,0.0,0.0,0.0,0.0,-0.0,0.0,0.0,-0.0,0.0,-0.0,-0.0,0.0,0.0,-0.0,0.0,0.0,-0.0,-0.0,-0.0,-0.0,-0.0,0.0,-0.0,-0.0,0.0
-1.2830516191190873,-0.0,1.5137902981882783,0.0,-0.0,-0.22200133038647227,8.467403915195533,-1.9882529590576057,1.0516095318922642,5.835905567484915,4.0148629070129935,-2.9800729247456537,6.966269952381611,-0.0,3.2291617752212525,0.0,0.67262160970081,0.2331012319769367,0.09583575056701897,-0.0,3.548181974122218,0.0,-0.0,3.002322263115174,-0.0,-5.204895090586115,5.789908528314314,7.577263176187537,-0.0,4.807959847385902,0.0,-0.0,-1.6218818006205207,-3.7690195625222884,-2.4638134582067908,-4.769379369284609,0.0,-0.40507765236222953,-0.0,0.0
-0.0,-0.0,0.0,0.0,-0.0,-0.0,0.0,-0.0,0.0,0.0,0.0,-0.0,0.0,-0.0,0.0,0.0,0.0,0.0,0.0,-0.0,0.0,0.0,-0.0,0.0,-0.0,-0.0,0.0,0.0,-0.0,0.0,0.0,-0.0,-0.0,-0.0,-0.0,-0.0,0.0,-0.0,-0.0,0.0
-0.0,-0.0,0.0,0.0,-0.0,-0.0,0.0,-0.0,0.0,0.0,0.0,-0.0,0.0,-0.0,0.0,0.0,0.0,0.0,0.0,-0.0,0.0,0.0,-0.0,0.0,-0.0,-0.0,0.0,0.0,-0.0,0.0,0.0,-0.0,-0.0,-0.0,-0.0,-0.0,0.0,-0.0,-0.0,0.0
-3.837990561321259,-0.0,4.528198857856751,0.0,-0.0,-0.6640722773172857,25.328533802659752,-5.947458369306564,3.1456781609215736,17.456936378091573,12.009653947277785,-8.914288082248449,20.838193823575974,-0.0,9.6593872215271,0.0,2.0120121052844526,0.697275397831678,0.28667335018515583,-0.0,10.613671908134938,0.0,-0.0,8.980842497819422,-0.0,-15.569395597701787,17.319345497448207,22.665857022043703,-0.0,14.382043745167493,0.0,-0.0,-4.851532821909428,-11.274263085632802,-7.370001842908144,-14.266638013552667,0.0,-1.2117082299742703,-0.0,0.0
-0.8584113996869889,-0.0,1.0127845437680512,0.0,-0.0,-0.14852751823053315,5.665022309506516,-1.3302185041380044,0.7035676482101316,3.9044476402791144,2.68609932461378,-1.9937846088036313,4.660705345999241,-0.0,2.160434730744934,0.0,0.45000999869312147,0.15595378379824296,0.06411784183770418,-0.0,2.373871642702552,0.0,-0.0,2.0086702809054304,-0.0,-3.4822771066697578,3.8736738333741334,5.069483559308077,-0.0,3.216712001865534,0.0,-0.0,-1.0851019599300262,-2.5216205723147196,-1.6483869609852615,-3.190900162564585,0.0,-0.271012692992757,-0.0,0.0
-0.0,-0.0,0.0,0.0,-0.0,-0.0,0.0,-0.0,0.0,0.0,0.0,-0.0,0.0,-0.0,0.0,0.0,0.0,0.0,0.0,-0.0,0.0,0.0,-0.0,0.0,-0.0,-0.0,0.0,0.0,-0.0,0.0,0.0,-0.0,-0.0,-0.0,-0.0,-0.0,0.0,-0.0,-0.0,0.0
-0.0,-0.0,0.0,0.0,-0.0,-0.0,0.0,-0.0,0.0,0.0,0.0,-0.0,0.0,-0.0,0.0,0.0,0.0,0.0,0.0,-0.0,0.0,0.0,-0.0,0.0,-0.0,-0.0,0.0,0.0,-0.0,0.0,0.0,-0.0,-0.0,-0.0,-0.0,-0.0,0.0,-0.0,-0.0,0.0
-0.0,-0.0,0.0,0.0,-0.0,-0.0,0.0,-0.0,0.0,0.0,0.0,-0.0,0.0,-0.0,0.0,0.0,0.0,0.0,0.0,-0.0,0.0,0.0,-0.0,0.0,-0.0,-0.0,0.0,0.0,-0.0,0.0,0.0,-0.0,-0.0,-0.0,-0.0,-0.0,0.0,-0.0,-0.0,0.0
-0.5216090320263176,-0.0,0.6154130358924637,0.0,-0.0,-0.09025194101773287,3.4423200860877112,-0.8083000605303325,0.4275190661281266,2.3725164355762898,1.6321936884216983,-1.2115124056440179,2.8320523294227127,-0.0,1.3127764485313416,0.0,0.2734461353915794,0.09476447101879759,0.038960858894437546,-0.0,1.4424702306566664,0.0,-0.0,1.220557603574651,-0.0,-2.1159868001750044,2.353816898690684,3.0804441940172635,-0.0,1.9546176043472123,0.0,-0.0,-0.6593563216603914,-1.5322490665225799,-1.0016333979696077,-1.9389331801684373,0.0,-0.16467939324937209,-0.0,0.0
-3.372884070710678,-0.0,3.979449545966949,0.0,-0.0,-0.5835967468333102,22.259098044273983,-5.226716239797935,2.764469477200136,15.341419342314602,10.554265271453911,-7.834010999753756,18.312919452757836,-0.0,8.48881537663269,0.0,1.7681866256739187,0.6127761506102511,0.2519328697890043,-0.0,9.327455171847468,0.0,-0.0,7.892500025333204,-0.0,-13.682619996856646,15.220502398361173,19.919097474887664,-0.0,12.639157256197104,0.0,-0.0,-4.263600316910372,-9.907992675584193,-6.476868929165788,-12.53773695627371,0.0,-1.0648674930097488,-0.0,0.0
-0.0,-0.0,0.0,0.0,-0.0,-0.0,0.0,-0.0,0.0,0.0,0.0,-0.0,0.0,-0.0,0.0,0.0,0.0,0.0,0.0,-0.0,0.0,0.0,-0.0,0.0,-0.0,-0.0,0.0,0.0,-0.0,0.0,0.0,-0.0,-0.0,-0.0,-0.0,-0.0,0.0,-0.0,-0.0,0.0
-0.0,-0.0,0.0,0.0,-0.0,-0.0,0.0,-0.0,0.0,0.0,0.0,-0.0,0.0,-0.0,0.0,0.0,0.0,0.0,0.0,-0.0,0.0,0.0,-0.0,0.0,-0.0,-0.0,0.0,0.0,-0.0,0.0,0.0,-0.0,-0.0,-0.0,-0.0,-0.0,0.0,-0.0,-0.0,0.0
-2.022807930751007,-0.0,2.386581315233093,0.0,-0.0,-0.34999842956540494,13.349370779243692,-3.1346001937803494,1.657925581065487,9.200655600378274,6.329672484073412,-4.6982639330837035,10.982742936800003,-0.0,5.090967464801025,0.0,1.0604283617454549,0.36749809102342396,0.15109081615090367,-0.0,5.593921967013256,0.0,-0.0,4.733341351199375,-0.0,-8.205829688437005,9.128138505789954,11.946010447111323,-0.0,7.580037439726671,0.0,-0.0,-2.5569940602143517,-5.942085687448986,-3.8843498803060896,-7.519212999063058,0.0,-0.638629245743748,-0.0,0.0
-2.5029027469070435,-0.0,2.953014390939331,0.0,-0.0,-0.4330673305434228,16.517720879433536,-3.878568655084991,2.0514189350027086,11.384346395647526,7.831961901359272,-5.813353569087314,13.589395734119416,-0.0,6.299261664123535,0.0,1.3121112583958625,0.45472037533693294,0.18695082861185072,-0.0,6.921587781210136,0.0,-0.0,5.85675628904972,-0.0,-10.15340772379465,11.29461803711996,14.78128590862026,-0.0,9.379089453394794,0.0,-0.0,-3.1638730300802234,-7.3523849513242725,-4.806264518528271,-9.30382889241829,0.0,-0.7902020103479389,-0.0,0.0
-0.0,-0.0,0.0,0.0,-0.0,-0.0,0.0,-0.0,0.0,0.0,0.0,-0.0,0.0,-0.0,0.0,0.0,0.0,0.0,0.0,-0.0,0.0,0.0,-0.0,0.0,-0.0,-0.0,0.0,0.0,-0.0,0.0,0.0,-0.0,-0.0,-0.0,-0.0,-0.0,0.0,-0.0,-0.0,0.0
-0.4024105452004624,-0.0,0.4747783878183746,0.0,-0.0,-0.06962749983308078,2.655678520779846,-0.6235867250610924,0.32982208880833147,1.8303472020575404,1.2592035637860466,-0.9346566829535555,2.1848696091246604,-0.0,1.0127797908859253,0.0,0.2109580196462798,0.07310882309718844,0.03005749422758817,-0.0,1.1128358527440119,0.0,-0.0,0.9416348654757642,-0.0,-1.6324399111487078,1.815920897352078,2.3764987787089202,-0.0,1.5079469248609518,0.0,-0.0,-0.5086797209971285,-1.1820983617690517,-0.7727393833694292,-1.495846717047415,0.0,-0.1270467349143172,-0.0,0.0
-0.1494903708921919,-0.0,0.17637409887260627,0.0,-0.0,-0.02586572568360049,0.9865506055365433,-0.23165449296660948,0.12252468771620618,0.6799505762473568,0.46777801929960366,-0.34721300387888615,0.8116511162907482,-0.0,0.3762347393163681,0.0,0.07836820624045723,0.027158992751658607,0.011165974683724341,-0.0,0.41340428662464346,0.0,-0.0,0.34980530943807253,-0.0,-0.6064305488199138,0.6745913885552226,0.8828389019404589,-0.0,0.5601829966232825,0.0,-0.0,-0.1889680105657183,-0.43913442289112486,-0.28706279793277867,-0.5556879241767663,0.0,-0.047196237150102995,-0.0,0.0
-0.0,-0.0,0.0,0.0,-0.0,-0.0,0.0,-0.0,0.0,0.0,0.0,-0.0,0.0,-0.0,0.0,0.0,0.0,0.0,0.0,-0.0,0.0,0.0,-0.0,0.0,-0.0,-0.0,0.0,0.0,-0.0,0.0,0.0,-0.0,-0.0,-0.0,-0.0,-0.0,0.0,-0.0,-0.0,0.0
-0.0,-0.0,0.0,0.0,-0.0,-0.0,0.0,-0.0,0.0,0.0,0.0,-0.0,0.0,-0.0,0.0,0.0,0.0,0.0,0.0,-0.0,0.0,0.0,-0.0,0.0,-0.0,-0.0,0.0,0.0,-0.0,0.0,0.0,-0.0,-0.0,-0.0,-0.0,-0.0,0.0,-0.0,-0.0,0.0
-0.0,-0.0,0.0,0.0,-0.0,-0.0,0.0,-0.0,0.0,0.0,0.0,-0.0,0.0,-0.0,0.0,0.0,0.0,0.0,0.0,-0.0,0.0,0.0,-0.0,0.0,-0.0,-0.0,0.0,0.0,-0.0,0.0,0.0,-0.0,-0.0,-0.0,-0.0,-0.0,0.0,-0.0,-0.0,0.0
-2.7252245974717257,-0.0,3.2153176805693664,0.0,-0.0,-0.4715347981525813,17.984917428546172,-4.223084862119499,2.2336374628607425,12.395567850926756,8.527640655004008,-6.329728216509558,14.79648203077984,-0.0,6.858797392025757,0.0,1.4286603346529418,0.4951111877483623,0.20355684905469415,-0.0,7.5364020029237535,0.0,-0.0,6.376986209328054,-0.0,-11.055290306919881,12.297869316673975,16.09424257103594,-0.0,10.212192747746592,0.0,-0.0,-3.444905965885798,-8.00546499227364,-5.233183871820371,-10.130247121914289,0.0,-0.8603921819307464,-0.0,0.0
-1.3410030796233101,-0.0,1.5821635088759078,0.0,-0.0,-0.23202844164066294,8.849850276863863,-2.078056175944811,1.0991074714491782,6.099495313961893,4.196201806959495,-3.114673572003067,7.280914750760317,-0.0,3.375012992966461,0.0,0.7030018407593434,0.2436296913445121,0.10016435405507683,-0.0,3.7084423443763117,0.0,-0.0,3.137927843950125,-0.0,-5.439984051759647,6.051420731254394,7.919504642658246,-0.0,5.025120475259139,0.0,-0.0,-1.6951371690800605,-3.9392544814159773,-2.575096267242232,-4.984797436671888,0.0,-0.4233737530196063,-0.0,0.0
-0.0,-0.0,0.0,0.0,-0.0,-0.0,0.0,-0.0,0.0,0.0,0.0,-0.0,0.0,-0.0,0.0,0.0,0.0,0.0,0.0,-0.0,0.0,0.0,-0.0,0.0,-0.0,-0.0,0.0,0.0,-0.0,0.0,0.0,-0.0,-0.0,-0.0,-0.0,-0.0,0.0,-0.0,-0.0,0.0
-2.3226393767850952,-0.0,2.7403332043502195,0.0,-0.0,-0.4018770749132577,15.328086149862102,-3.5992274550008236,1.9036722072432937,10.56442614487028,7.267890505157253,-5.39466582447993,12.610664029109955,-0.0,5.845577980944824,0.0,1.217610743861019,0.4219706300970724,0.17348630768537518,-0.0,6.42308309836631,0.0,-0.0,5.434942605736747,-0.0,-9.42214179795106,10.481160177389942,13.716712218764899,-0.0,8.703591264089015,0.0,-0.0,-2.9360054408400957,-6.822853513717507,-4.460109063276127,-8.633751098441758,0.0,-0.7332902994800342,-0.0,0.0
-0.0,-0.0,0.0,0.0,-0.0,-0.0,0.0,-0.0,0.0,0.0,0.0,-0.0,0.0,-0.0,0.0,0.0,0.0,0.0,0.0,-0.0,0.0,0.0,-0.0,0.0,-0.0,-0.0,0.0,0.0,-0.0,0.0,0.0,-0.0,-0.0,-0.0,-0.0,-0.0,0.0,-0.0,-0.0,0.0
-0.0,-0.0,0.0,0.0,-0.0,-0.0,0.0,-0.0,0.0,0.0,0.0,-0.0,0.0,-0.0,0.0,0.0,0.0,0.0,0.0,-0.0,0.0,0.0,-0.0,0.0,-0.0,-0.0,0.0,0.0,-0.0,0.0,0.0,-0.0,-0.0,-0.0,-0.0,-0.0,0.0,-0.0,-0.0,0.0
-0.07938676170706559,-0.0,0.09366334751149749,0.0,-0.0,-0.013735976364023926,0.5239070407429268,-0.12301996390639686,0.0650666536507144,0.3610872997837365,0.24841320499981714,-0.18438723401392865,0.43102678368973735,-0.0,0.1997992072517395,0.0,0.041617383628729104,0.014422764977516406,0.005929683404713868,-0.0,0.21953807054648353,0.0,-0.0,0.18576387615128373,-0.0,-0.3220445382784588,0.35824130673602556,0.46883100975526,-0.0,0.29748480654552484,0.0,-0.0,-0.10035133591218139,-0.23320204224102548,-0.1524445072846048,-0.2950977013223734,0.0,-0.02506353024441577,-0.0,0.0
-2.9845142311319504,-0.0,3.521236886006424,0.0,-0.0,-0.5163986545791155,19.696080117956587,-4.624887387985027,2.4461553742329722,13.574935690942228,9.338997202817852,-6.931965886002992,16.204283211196422,-0.0,7.511372986997985,0.0,1.5645892467656246,0.5422182036660416,0.22292412647813556,-0.0,8.253447825960569,0.0,-0.0,6.9837202082824765,-0.0,-12.107138355094719,13.467941696352323,17.625518292000077,-0.0,11.183824854284662,0.0,-0.0,-3.7726691919762736,-8.7671394931761,-5.7310915783117,-11.094082567831496,0.0,-0.942253608641746,-0.0,0.0
-0.26153417036739923,-0.0,0.30856739031178665,0.0,-0.0,-0.045252219706443435,1.7259753427900004,-0.4052807232219343,0.21435756938814568,1.189577019498691,0.8183800432327184,-0.6074509305734829,1.4199877895811797,-0.0,0.6582246055263519,0.0,0.1371055786399802,0.047514797073061804,0.019534929961189624,-0.0,0.7232529191239693,0.0,-0.0,0.611986182440973,-0.0,-1.0609533545504553,1.1802010931527973,1.5445311855810204,-0.0,0.9800430248544262,0.0,-0.0,-0.3306005033924525,-0.7682679244499467,-0.502217836858782,-0.9721788725613743,0.0,-0.08257005888638094,-0.0,0.0
-2.5963363830727157,-0.0,3.063250744523575,0.0,-0.0,-0.4492337818556982,17.13432922541992,-4.023356051643093,2.127998630571492,11.809325304807842,8.12432990473427,-6.030366700319732,14.096689378789426,-0.0,6.5344137982467645,0.0,1.3610925166877952,0.471695137204469,0.19392972370594738,-0.0,7.179971418064393,0.0,-0.0,6.075389648615252,-0.0,-10.532435556289968,11.716247376739563,15.333072945233432,-0.0,9.729211899277558,0.0,-0.0,-3.281980759967931,-7.626850294151079,-4.985682904198702,-9.651141853241919,0.0,-0.8197003387282442,-0.0,0.0
-0.7414414322374822,-0.0,0.8747791827475547,0.0,-0.0,-0.1282886689105958,4.893087692392472,-1.1489585451177835,0.6076972008469284,3.372414732097462,2.3200825747421177,-1.7221049446261436,4.025622269502282,-0.0,1.8660467715167999,0.0,0.3886901526166588,0.13470300704812102,0.05538093331642448,-0.0,2.050400066163057,0.0,-0.0,1.7349622459702312,-0.0,-3.0077705472672966,3.3458342655806512,4.37869901574971,-0.0,2.7783922191950707,0.0,-0.0,-0.9372423893573464,-2.178016239507383,-1.4237723190537304,-2.7560975862172725,0.0,-0.23408360993383537,-0.0,0.0
-0.0,-0.0,0.0,0.0,-0.0,-0.0,0.0,-0.0,0.0,0.0,0.0,-0.0,0.0,-0.0,0.0,0.0,0.0,0.0,0.0,-0.0,0.0,0.0,-0.0,0.0,-0.0,-0.0,0.0,0.0,-0.0,0.0,0.0,-0.0,-0.0,-0.0,-0.0,-0.0,0.0,-0.0,-0.0,0.0
-1.6391323595815317,-0.0,1.9339071214333419,0.0,-0.0,-0.2836125679467638,10.81733232882203,-2.5400457126289386,1.3434589752144712,7.455523628655106,5.1290934925025535,-3.8071219365415097,8.899594010386705,-0.0,4.125339527433014,0.0,0.859291886456897,0.2977929856431247,0.12243270466938613,-0.0,4.532896264501575,0.0,-0.0,3.8355460544470694,-0.0,-6.6493910643005005,7.39676119522999,9.680154004779556,-0.0,6.1422957985351685,0.0,-0.0,-2.071996873078813,-4.815022121298382,-3.147586821247285,-6.0930082179252985,0.0,-0.517497408706065,-0.0,0.0
-1.0221941268664743,-0.0,1.2060212769755172,0.0,-0.0,-0.17686619360910777,6.745894259392,-1.584020835318346,0.8378065786590171,4.6494063895310465,3.198600292122642,-2.3741936769467316,5.549956155606509,-0.0,2.5726402212867736,0.0,0.5358707699630177,0.18570937189242473,0.076351364133507,-0.0,2.826800357020233,0.0,-0.0,2.3919194976924345,-0.0,-4.146686784282413,4.612761017986511,6.036728219663007,-0.0,3.8304525281547077,0.0,-0.0,-1.2921366735066964,-3.0027394092688824,-1.9628950302114094,-3.7997158551018195,0.0,-0.3227212303849627,-0.0,0.0
-0.0,-0.0,0.0,0.0,-0.0,-0.0,0.0,-0.0,0.0,0.0,0.0,-0.0,0.0,-0.0,0.0,0.0,0.0,0.0,0.0,-0.0,0.0,0.0,-0.0,0.0,-0.0,-0.0,0.0,0.0,-0.0,0.0,0.0,-0.0,-0.0,-0.0,-0.0,-0.0,0.0,-0.0,-0.0,0.0
-1.6006947699323044,-0.0,1.888557075161087,0.0,-0.0,-0.27696186433373504,10.563666309281832,-2.4804817401275137,1.3119549148510674,7.280691891496598,5.008816450941574,-3.7178450762038167,8.690898879321576,-0.0,4.028600477049255,0.0,0.839141525366489,0.29080975179037416,0.11956166253894565,-0.0,4.426600024592122,0.0,-0.0,3.7456026496574846,-0.0,-6.493463104210645,7.223307434834361,9.453154772410041,-0.0,5.998259202571349,0.0,-0.0,-2.023408627537606,-4.702110041094152,-3.0737760335380444,-5.950127413796843,0.0,-0.5053621147353814,-0.0,0.0
-0.0,-0.0,0.0,0.0,-0.0,-0.0,0.0,-0.0,0.0,0.0,0.0,-0.0,0.0,-0.0,0.0,0.0,0.0,0.0,0.0,-0.0,0.0,0.0,-0.0,0.0,-0.0,-0.0,0.0,0.0,-0.0,0.0,0.0,-0.0,-0.0,-0.0,-0.0,-0.0,0.0,-0.0,-0.0,0.0
-1.0926919193164673,-0.0,1.2891970998841553,0.0,-0.0,-0.1890641468948479,7.211139207380573,-1.6932662018780822,0.8955876916033859,4.9700625917630195,3.4191985655795634,-2.5379349944463385,5.932720688175202,-0.0,2.7500678268676757,0.0,0.572828237559391,0.1985172137803687,0.0816170983815193,-0.0,3.0217566570311507,0.0,-0.0,2.55688331412751,-0.0,-4.4326718595142705,4.9308898942150385,6.453064023128654,-0.0,4.094627835194675,0.0,-0.0,-1.3812516279284592,-3.20982972028933,-2.0982702615925257,-4.0617713420992585,0.0,-0.3449783865560991,-0.0,0.0
-0.0,-0.0,0.0,0.0,-0.0,-0.0,0.0,-0.0,0.0,0.0,0.0,-0.0,0.0,-0.0,0.0,0.0,0.0,0.0,0.0,-0.0,0.0,0.0,-0.0,0.0,-0.0,-0.0,0.0,0.0,-0.0,0.0,0.0,-0.0,-0.0,-0.0,-0.0,-0.0,0.0,-0.0,-0.0,0.0
-0.5653113451576538,-0.0,0.6669745916715087,0.0,-0.0,-0.0978135788439522,3.7307302574301873,-0.8760223969556579,0.46333817766645047,2.5712945429530145,1.7689448473985558,-1.3130173475892752,3.0693320353050235,-0.0,1.422765662487793,0.0,0.2963564530810814,0.10270418511864848,0.042225142199993126,-0.0,1.5633256641944961,0.0,-0.0,1.322820385296501,-0.0,-2.2932719161243704,2.5510282904505197,3.3385350791148145,-0.0,2.1183826186633263,0.0,-0.0,-0.7145996066978226,-1.6606264994060442,-1.0855539087606545,-2.101384096041733,0.0,-0.17847683533373268,-0.0,0.0
-2.252841476757065,-0.0,2.6579831396124574,0.0,-0.0,-0.3898002212360507,14.867460089956936,-3.4910666614685897,1.846464737269533,10.246953373469234,7.049482301126975,-5.2325501083402735,12.231699530364038,-0.0,5.669911852316284,0.0,1.1810201849380484,0.4092899427081211,0.16827285092532632,-0.0,6.230062297783808,0.0,-0.0,5.271616527463514,-0.0,-9.13899594335283,10.16618964104614,13.304509740098664,-0.0,8.44203865329302,0.0,-0.0,-2.847775207472933,-6.617819166923853,-4.326077818639451,-8.374297262405424,0.0,-0.7112541093050979,-0.0,0.0
-0.7085277654442006,-0.0,0.8359464586957511,0.0,-0.0,-0.12259374774988499,4.675876391680956,-1.0979545991969575,0.5807206355914285,3.222708322454229,2.217090724708166,-1.6456581939240156,3.846919024373174,-0.0,1.7832102331363677,0.0,0.3714356297200252,0.12872334406023603,0.05292249289669096,-0.0,1.959379816098319,0.0,-0.0,1.657944740905182,-0.0,-2.8742512249323484,3.1973078016217378,4.1843221787856075,-0.0,2.6550553354608173,0.0,-0.0,-0.8956368324426821,-2.081330921341159,-1.3605689888089991,-2.6337503937643594,0.0,-0.22369229700722917,-0.0,0.0
-0.0,-0.0,0.0,0.0,-0.0,-0.0,0.0,-0.0,0.0,0.0,0.0,-0.0,0.0,-0.0,0.0,0.0,0.0,0.0,0.0,-0.0,0.0,0.0,-0.0,0.0,-0.0,-0.0,0.0,0.0,-0.0,0.0,0.0,-0.0,-0.0,-0.0,-0.0,-0.0,0.0,-0.0,-0.0,0.0
-1.020258086115509,-0.0,1.203737066689636,0.0,-0.0,-0.17653120816036036,6.733117502174738,-1.5810206919923857,0.8362197688397484,4.640600390747308,3.192542127289919,-2.369696942335916,5.539444511095048,-0.0,2.567767627935791,0.0,0.5348558280643787,0.1853576374201068,0.076206754270792,-0.0,2.8214463831103935,0.0,-0.0,2.3873891902891273,-0.0,-4.138832938926767,4.604024425718404,6.025294626445644,-0.0,3.8231976320501113,0.0,-0.0,-1.2896893602322657,-2.9970522059206353,-1.959177297279402,-3.7925191744085773,0.0,-0.3221099947724649,-0.0,0.0
-0.0,-0.0,0.0,0.0,-0.0,-0.0,0.0,-0.0,0.0,0.0,0.0,-0.0,0.0,-0.0,0.0,0.0,0.0,0.0,0.0,-0.0,0.0,0.0,-0.0,0.0,-0.0,-0.0,0.0,0.0,-0.0,0.0,0.0,-0.0,-0.0,-0.0,-0.0,-0.0,0.0,-0.0,-0.0,0.0
-0.0,-0.0,0.0,0.0,-0.0,-0.0,0.0,-0.0,0.0,0.0,0.0,-0.0,0.0,-0.0,0.0,0.0,0.0,0.0,0.0,-0.0,0.0,0.0,-0.0,0.0,-0.0,-0.0,0.0,0.0,-0.0,0.0,0.0,-0.0,-0.0,-0.0,-0.0,-0.0,0.0,-0.0,-0.0,0.0
-0.23500984930809404,-0.0,0.27727304541771697,0.0,-0.0,-0.04066282168455673,1.5509300549475176,-0.3641778875703449,0.19261781360802602,1.068932276421219,0.7353814240284322,-0.5458443592880918,1.2759752042343617,-0.0,0.5914686602455139,0.0,0.12320057960386968,0.0426959325596287,0.017553732806593177,-0.0,0.649901920258411,0.0,-0.0,0.5499196541394524,-0.0,-0.9533533902111455,1.0605072395146578,1.3878876349699873,-0.0,0.8806488393579227,0.0,-0.0,-0.2970716001442428,-0.6903515854145923,-0.45128381501437453,-0.8735822551225635,0.0,-0.07419595332032254,-0.0,0.0
-2.6819518301920624,-0.0,3.1642629183855284,0.0,-0.0,-0.46404748294059855,17.6993420131652,-4.156028162055107,2.198170413940378,12.198743514536261,8.392233610076069,-6.229220956920516,14.561534524409295,-0.0,6.749889251522827,0.0,1.4059752002825576,0.4872495123382442,0.20032465007722375,-0.0,7.41673444587137,0.0,-0.0,6.275728558697026,-0.0,-10.879747709401762,12.102596296802567,15.838688436538186,-0.0,10.050037364077197,0.0,-0.0,-3.3902056618079626,-7.878349368887027,-5.150088207695272,-9.96939292053993,0.0,-0.8467303535836548,-0.0,0.0
-0.0,-0.0,0.0,0.0,-0.0,-0.0,0.0,-0.0,0.0,0.0,0.0,-0.0,0.0,-0.0,0.0,0.0,0.0,0.0,0.0,-0.0,0.0,0.0,-0.0,0.0,-0.0,-0.0,0.0,0.0,-0.0,0.0,0.0,-0.0,-0.0,-0.0,-0.0,-0.0,0.0,-0.0,-0.0,0.0
-2.649124743565407,-0.0,3.125532344718246,0.0,-0.0,-0.4583675424025608,17.4827020918362,-4.105158383201236,2.171264811167712,12.049430911088288,8.289512682500957,-6.152975301175549,14.383301362326145,-0.0,6.667270616584777,0.0,1.3887660658100343,0.48128557899303653,0.19787267664223906,-0.0,7.325953626693091,0.0,-0.0,6.198913649971775,-0.0,-10.746579612752123,11.954460535164324,15.644822912368197,-0.0,9.927024920886499,0.0,-0.0,-3.3487095492792083,-7.781918383700767,-5.087051135281923,-9.84736756522462,0.0,-0.836366375247579,-0.0,0.0
-0.7254461793541661,-0.0,0.8559074099591332,0.0,-0.0,-0.12552107377486602,4.787528208369746,-1.1241718503330773,0.5945872369557864,3.2996610065543206,2.2700310050838297,-1.684953656765444,3.9387767771764994,-0.0,1.8257902000537871,0.0,0.38030486820438064,0.1317970342117019,0.05418619021899997,-0.0,2.0061664070441245,0.0,-0.0,1.6975335851742546,-0.0,-2.9428833580346336,3.2736539653482724,4.284236533601275,-0.0,2.718453450975778,0.0,-0.0,-0.9170230862823971,-2.1310294931237106,-1.393057015994924,-2.696639784230666,0.0,-0.22903368100629745,-0.0,0.0
-1.553040288644909,-0.0,1.8323326097045973,0.0,-0.0,-0.2687163985340484,10.249174097576004,-2.406635012513334,1.272896543377585,7.0639375158217845,4.859698359024844,-3.607160652201555,8.43216105759883,-0.0,3.908664515706634,0.0,0.8141593395874069,0.2821520188264109,0.11600217754706739,-0.0,4.294815169664639,0.0,-0.0,3.634091851514707,-0.0,-6.300145413791074,7.008261458891691,9.17172373654321,-0.0,5.819684288543253,0.0,-0.0,-1.9631694798943469,-4.562122943507726,-2.982266268388954,-5.77298543718478,0.0,-0.4903169169297845,-0.0,0.0
-1.1044421466301118,-0.0,1.3030604393194885,0.0,-0.0,-0.1910972421009188,7.288683960278591,-1.711474685369957,0.9052183649611836,5.023507999552607,3.4559668070809546,-2.565226596557437,5.996518008757592,-0.0,2.779640592550659,0.0,0.5789881275375357,0.20065196223631945,0.08249476521670818,-0.0,3.0542510197869817,0.0,-0.0,2.5843786763831917,-0.0,-4.4803384533961665,4.983914059664914,6.5224568389817215,-0.0,4.138659283563407,0.0,-0.0,-1.3961048727622396,-3.2443465206653084,-2.120833943178636,-4.105449469229153,0.0,-0.3486881005099317,-0.0,0.0
-0.012731992290578843,-0.0,0.015021660951816559,0.0,-0.0,-0.0022029661042939426,0.08402383798362244,-0.01972985417673397,0.01043534356158185,0.05791092391495407,0.03984033285809362,-0.029571893240955233,0.06912776852166654,-0.0,0.032043654529953,0.0,0.006674566339791656,0.0023131127728847254,0.0009509984003752468,-0.0,0.03520935936397576,0.0,-0.0,0.029792678126278636,-0.0,-0.05164927363726222,0.05745448557733548,0.0751907833678143,-0.0,0.04771040135731923,0.0,-0.0,-0.016094275767258883,-0.03740077741067147,-0.024448941482845904,-0.0473275591221099,0.0,-0.0040196711263282316,-0.0,0.0
-1.1338605720967025,-0.0,1.3377693523481597,0.0,-0.0,-0.1961873955243192,7.482828675317977,-1.7570623067977866,0.9293301747846804,5.15731645309323,3.548021517451559,-2.633555143838977,6.156244001321316,-0.0,2.853680368962097,0.0,0.594410319752832,0.20599661954932155,0.08469213346213102,-0.0,3.135605444965356,0.0,-0.0,2.6532173672105968,-0.0,-4.599678794815135,5.116667870938336,6.696191978447476,-0.0,4.248898502554296,0.0,-0.0,-1.4332921598177157,-3.330764416430337,-2.1773254447704455,-4.214804096437002,0.0,-0.3579759160168258,-0.0,0.0
-2.092748471603554,-0.0,2.469099672729355,0.0,-0.0,-0.36209996381846576,13.810938186681554,-3.242982027555393,1.7152499617297163,9.518777167486013,6.548527032854628,-4.860710953165284,11.362481897364141,-0.0,5.266992589350891,0.0,1.0970936980971475,0.38020469299868614,0.15631492726832627,-0.0,5.7873372299812,0.0,-0.0,4.897001206942425,-0.0,-8.489554187351784,9.44375272420706,12.35905531360586,-0.0,7.842124566318175,0.0,-0.0,-2.6454046032073015,-6.147539047827133,-4.018655034719968,-7.779197061783595,0.0,-0.6607104696565831,-0.0,0.0
-0.0,-0.0,0.0,0.0,-0.0,-0.0,0.0,-0.0,0.0,0.0,0.0,-0.0,0.0,-0.0,0.0,0.0,0.0,0.0,0.0,-0.0,0.0,0.0,-0.0,0.0,-0.0,-0.0,0.0,0.0,-0.0,0.0,0.0,-0.0,-0.0,-0.0,-0.0,-0.0,0.0,-0.0,-0.0,0.0
-2.31186966985849,-0.0,2.727626718019592,0.0,-0.0,-0.4000136352589589,15.257012268471067,-3.582538413542221,1.8948451840035896,10.515440592242003,7.2341904605022185,-5.36965162275868,12.552190399023056,-0.0,5.818472971746826,0.0,1.2119648777859249,0.42001401984444214,0.17268187945246694,-0.0,6.393300290399631,0.0,-0.0,5.409741647029278,-0.0,-9.378452834955304,10.432560715721666,13.653110020305164,-0.0,8.663234104876057,0.0,-0.0,-2.9223916536767467,-6.791217034339635,-4.439428251630426,-8.593717776895227,0.0,-0.7298901497639583,-0.0,0.0
-0.0,-0.0,0.0,0.0,-0.0,-0.0,0.0,-0.0,0.0,0.0,0.0,-0.0,0.0,-0.0,0.0,0.0,0.0,0.0,0.0,-0.0,0.0,0.0,-0.0,0.0,-0.0,-0.0,0.0,0.0,-0.0,0.0,0.0,-0.0,-0.0,-0.0,-0.0,-0.0,0.0,-0.0,-0.0,0.0
-0.03811640428734684,-0.0,0.044971100267675396,0.0,-0.0,-0.006595130184356392,0.25154638058712464,-0.05906625461022806,0.031240811727866052,0.1733708392385319,0.11927200390195376,-0.08853086088879997,0.20695126986557247,-0.0,0.09593069670734405,0.0,0.019981984220840993,0.006924881793931064,0.0028470516379550093,-0.0,0.10540802614284074,0.0,-0.0,0.08919183568029034,-0.0,-0.1546250225553811,0.17200437688041467,0.22510242168860325,-0.0,0.14283302293489555,0.0,-0.0,-0.04818224107085121,-0.11196858432761515,-0.0731940231103825,-0.14168688892205072,0.0,-0.012033891181875353,-0.0,0.0
-0.0,-0.0,0.0,0.0,-0.0,-0.0,0.0,-0.0,0.0,0.0,0.0,-0.0,0.0,-0.0,0.0,0.0,0.0,0.0,0.0,-0.0,0.0,0.0,-0.0,0.0,-0.0,-0.0,0.0,0.0,-0.0,0.0,0.0,-0.0,-0.0,-0.0,-0.0,-0.0,0.0,-0.0,-0.0,0.0
-0.0,-0.0,0.0,0.0,-0.0,-0.0,0.0,-0.0,0.0,0.0,0.0,-0.0,0.0,-0.0,0.0,0.0,0.0,0.0,0.0,-0.0,0.0,0.0,-0.0,0.0,-0.0,-0.0,0.0,0.0,-0.0,0.0,0.0,-0.0,-0.0,-0.0,-0.0,-0.0,0.0,-0.0,-0.0,0.0
-0.0,-0.0,0.0,0.0,-0.0,-0.0,0.0,-0.0,0.0,0.0,0.0,-0.0,0.0,-0.0,0.0,0.0,0.0,0.0,0.0,-0.0,0.0,0.0,-0.0,0.0,-0.0,-0.0,0.0,0.0,-0.0,0.0,0.0,-0.0,-0.0,-0.0,-0.0,-0.0,0.0,-0.0,-0.0,0.0
-0.0,-0.0,0.0,0.0,-0.0,-0.0,0.0,-0.0,0.0,0.0,0.0,-0.0,0.0,-0.0,0.0,0.0,0.0,0.0,0.0,-0.0,0.0,0.0,-0.0,0.0,-0.0,-0.0,0.0,0.0,-0.0,0.0,0.0,-0.0,-0.0,-0.0,-0.0,-0.0,0.0,-0.0,-0.0,0.0
-0.0,-0.0,0.0,0.0,-0.0,-0.0,0.0,-0.0,0.0,0.0,0.0,-0.0,0.0,-0.0,0.0,0.0,0.0,0.0,0.0,-0.0,0.0,0.0,-0.0,0.0,-0.0,-0.0,0.0,0.0,-0.0,0.0,0.0,-0.0,-0.0,-0.0,-0.0,-0.0,0.0,-0.0,-0.0,0.0
-0.0,-0.0,0.0,0.0,-0.0,-0.0,0.0,-0.0,0.0,0.0,0.0,-0.0,0.0,-0.0,0.0,0.0,0.0,0.0,0.0,-0.0,0.0,0.0,-0.0,0.0,-0.0,-0.0,0.0,0.0,-0.0,0.0,0.0,-0.0,-0.0,-0.0,-0.0,-0.0,0.0,-0.0,-0.0,0.0
-4.601652739210693,-0.0,5.429194872947754,0.0,-0.0,-0.7962057136740266,30.368265656462572,-7.130850808304077,3.771587838636261,20.93042122407341,14.399268601754502,-10.688003921945603,24.98446261302185,-0.0,11.581358775341796,0.0,2.4123511685812837,0.8360154078419033,0.3437140310955047,-0.0,12.725521761663483,0.0,-0.0,10.767800967776092,-0.0,-18.667307997587933,20.76545326944014,27.17578414683206,-0.0,17.243703427090924,0.0,-0.0,-5.8168640445078434,-13.517553725490144,-8.836444130475114,-17.105334899987735,0.0,-1.4528072454836127,-0.0,0.0
-0.8891369151066113,-0.0,1.0490356083830452,0.0,-0.0,-0.15384383224185053,5.867793067661308,-1.3778316290047787,0.7287507697666609,4.0442013367237895,2.782244117480175,-2.0651490615165606,4.827528123547435,-0.0,2.237764168188095,0.0,0.4661174142736596,0.16153590956053904,0.06641284134350717,-0.0,2.4588407260449423,0.0,-0.0,2.0805675433502233,-0.0,-3.6069198583566466,4.012326028744937,5.250937924112459,-0.0,3.331849259187423,0.0,-0.0,-1.123941515199038,-2.6118781012866608,-1.7073884362752278,-3.3051135248091965,0.0,-0.28071317539606466,-0.0,0.0
-0.0,-0.0,0.0,0.0,-0.0,-0.0,0.0,-0.0,0.0,0.0,0.0,-0.0,0.0,-0.0,0.0,0.0,0.0,0.0,0.0,-0.0,0.0,0.0,-0.0,0.0,-0.0,-0.0,0.0,0.0,-0.0,0.0,0.0,-0.0,-0.0,-0.0,-0.0,-0.0,0.0,-0.0,-0.0,0.0
-0.0,-0.0,0.0,0.0,-0.0,-0.0,0.0,-0.0,0.0,0.0,0.0,-0.0,0.0,-0.0,0.0,0.0,0.0,0.0,0.0,-0.0,0.0,0.0,-0.0,0.0,-0.0,-0.0,0.0,0.0,-0.0,0.0,0.0,-0.0,-0.0,-0.0,-0.0,-0.0,0.0,-0.0,-0.0,0.0
-0.4670010269941693,-0.0,0.550984553835102,0.0,-0.0,-0.08080333459672893,3.0819386106115374,-0.7236779564968672,0.3827614759004977,2.124134253715858,1.4613169672028914,-1.084677417210419,2.535560669269443,-0.0,1.1753399807826996,0.0,0.24481866343336475,0.08484344129628642,0.034881990148052565,-0.0,1.2914559330161126,0.0,-0.0,1.092775660269136,-0.0,-1.894461077387892,2.107392398430168,2.757948029802723,-0.0,1.7499858563894184,0.0,-0.0,-0.5903273533709911,-1.3718356925245851,-0.8967709468264448,-1.7359434572943608,0.0,-0.14743886905768377,-0.0,0.0
-1.4767933566805345,-0.0,1.7423737458877715,0.0,-0.0,-0.25552369445126205,9.745988130139981,-2.288480617290081,1.2104033441668405,6.71713159770912,4.621110156994838,-3.430066126809068,8.018181835570813,-0.0,3.7167675767929076,0.0,0.7741879671590419,0.268299689340587,0.11030701934427022,-0.0,4.083960060215604,0.0,-0.0,3.4556751316261964,-0.0,-5.990838074990395,6.664188971814802,8.721435485266465,-0.0,5.533965318309795,0.0,-0.0,-1.8667871446371929,-4.3381442867851385,-2.8358511013594443,-5.489559159657607,0.0,-0.4662446756109535,-0.0,0.0
-0.0,-0.0,0.0,0.0,-0.0,-0.0,0.0,-0.0,0.0,0.0,0.0,-0.0,0.0,-0.0,0.0,0.0,0.0,0.0,0.0,-0.0,0.0,0.0,-0.0,0.0,-0.0,-0.0,0.0,0.0,-0.0,0.0,0.0,-0.0,-0.0,-0.0,-0.0,-0.0,0.0,-0.0,-0.0,0.0
-0.0,-0.0,0.0,0.0,-0.0,-0.0,0.0,-0.0,0.0,0.0,0.0,-0.0,0.0,-0.0,0.0,0.0,0.0,0.0,0.0,-0.0,0.0,0.0,-0.0,0.0,-0.0,-0.0,0.0,0.0,-0.0,0.0,0.0,-0.0,-0.0,-0.0,-0.0,-0.0,0.0,-0.0,-0.0,0.0
-1.5214282464316407,-0.0,1.7950355889960936,0.0,-0.0,-0.2632466923094483,10.040552771656372,-2.3576481007353514,1.2469868103483885,6.920151490066528,4.76077948950647,-3.5337371128116453,8.260524923461915,-0.0,3.829103883203125,0.0,0.7975871749117431,0.27640883135412586,0.11364096015930174,-0.0,4.207394463689209,0.0,-0.0,3.5601201291730953,-0.0,-6.171906330602661,6.865608715946167,8.985033848297606,-0.0,5.701224962830688,0.0,-0.0,-1.9232092825163576,-4.469261203779053,-2.9215624168167724,-5.655476663799317,0.0,-0.4803365454035647,-0.0,0.0
-0.0,-0.0,0.0,0.0,-0.0,-0.0,0.0,-0.0,0.0,0.0,0.0,-0.0,0.0,-0.0,0.0,0.0,0.0,0.0,0.0,-0.0,0.0,0.0,-0.0,0.0,-0.0,-0.0,0.0,0.0,-0.0,0.0,0.0,-0.0,-0.0,-0.0,-0.0,-0.0,0.0,-0.0,-0.0,0.0
-3.016121403210846,-0.0,3.5585281607557984,0.0,-0.0,-0.5218675181436901,19.90466930378595,-4.673866752865494,2.472061115622509,13.718699565099001,9.437900832947916,-7.005378113801561,16.375892903162004,-0.0,7.590921362432861,0.0,1.581158858342432,0.547960506345926,0.22528498009800907,-0.0,8.340855063948636,0.0,-0.0,7.0576805345799745,-0.0,-12.235357681838334,13.61057246229231,17.81217941890101,-0.0,11.302265930216652,0.0,-0.0,-3.812623233107556,-8.85998692667465,-5.791786077880865,-11.21157323787797,0.0,-0.9522324425972485,-0.0,0.0
-0.0,-0.0,0.0,0.0,-0.0,-0.0,0.0,-0.0,0.0,0.0,0.0,-0.0,0.0,-0.0,0.0,0.0,0.0,0.0,0.0,-0.0,0.0,0.0,-0.0,0.0,-0.0,-0.0,0.0,0.0,-0.0,0.0,0.0,-0.0,-0.0,-0.0,-0.0,-0.0,0.0,-0.0,-0.0,0.0
-0.0,-0.0,0.0,0.0,-0.0,-0.0,0.0,-0.0,0.0,0.0,0.0,-0.0,0.0,-0.0,0.0,0.0,0.0,0.0,0.0,-0.0,0.0,0.0,-0.0,0.0,-0.0,-0.0,0.0,0.0,-0.0,0.0,0.0,-0.0,-0.0,-0.0,-0.0,-0.0,0.0,-0.0,-0.0,0.0
-0.0,-0.0,0.0,0.0,-0.0,-0.0,0.0,-0.0,0.0,0.0,0.0,-0.0,0.0,-0.0,0.0,0.0,0.0,0.0,0.0,-0.0,0.0,0.0,-0.0,0.0,-0.0,-0.0,0.0,0.0,-0.0,0.0,0.0,-0.0,-0.0,-0.0,-0.0,-0.0,0.0,-0.0,-0.0,0.0
-1.1888872463470916,-0.0,1.402691795358673,0.0,-0.0,-0.20570844261883645,7.845973127220725,-1.842333192454399,0.9744309129683628,5.407602934036612,3.7202083180853913,-2.7613625520747975,6.455008806803703,-0.0,2.9921705360443114,0.0,0.6232572731093855,0.21599371192520417,0.0888022741216421,-0.0,3.287777540586245,0.0,-0.0,2.7819789904417473,-0.0,-4.822902913306777,5.364981661108247,7.02116065959205,-0.0,4.455099123315524,0.0,-0.0,-1.5028503601157324,-3.4924076493445764,-2.2829918564394887,-4.419350103019604,0.0,-0.3753486200378477,-0.0,0.0
-0.5747796439546623,-0.0,0.6781456300347977,0.0,-0.0,-0.09945184101369693,3.7932155924777944,-0.890694739689085,0.4710985460860581,2.614360696208805,1.7985725888441608,-1.3350088407357004,3.120739729607344,-0.0,1.4465953105674743,0.0,0.30132007440626596,0.10442435917978544,0.04293236356839537,-0.0,1.5895095266490826,0.0,-0.0,1.3449760677713827,-0.0,-2.331681518037805,2.593755007861208,3.394451607138037,-0.0,2.153863030955954,0.0,-0.0,-0.7265683079354616,-1.6884400361788146,-1.103735657378383,-2.136579803113658,0.0,-0.18146611198589857,-0.0,0.0
-1.4180863759972917,-0.0,1.6731091454072113,0.0,-0.0,-0.2453658585384708,9.35855576913498,-2.1975066250348547,1.1622861682440977,6.450105399920761,4.43740711994189,-3.2937106746817286,7.699434975012303,-0.0,3.5690148791336056,0.0,0.743411665364615,0.25763396917859877,0.1059219833305478,-0.0,3.9216103561885443,0.0,-0.0,3.3183016444810836,-0.0,-5.752684230680424,6.399267402748966,8.374732175526125,-0.0,5.31397354114335,0.0,-0.0,-1.7925767371051056,-4.165689994725028,-2.723117484922899,-5.271332660948313,0.0,-0.4477100464829609,-0.0,0.0
-0.5188062696948224,-0.0,0.6121062364135322,0.0,-0.0,-0.08976699017313923,3.42382346413936,-0.8039568210097303,0.4252218775041392,2.359768190649137,1.6234234204494562,-1.2050025848276733,2.816834859819293,-0.0,1.3057225055324553,0.0,0.2719768269998301,0.09425527299225314,0.03875151047252118,-0.0,1.434719403929065,0.0,-0.0,1.2139991801872536,-0.0,-2.104616966193348,2.3411691320037096,3.0638920401603316,-0.0,1.9441148556262786,0.0,-0.0,-0.65581340168026,-1.5240158310867684,-0.9962513202343142,-1.9285147085795704,0.0,-0.16379452130154593,-0.0,0.0
-0.0,-0.0,0.0,0.0,-0.0,-0.0,0.0,-0.0,0.0,0.0,0.0,-0.0,0.0,-0.0,0.0,0.0,0.0,0.0,0.0,-0.0,0.0,0.0,-0.0,0.0,-0.0,-0.0,0.0,0.0,-0.0,0.0,0.0,-0.0,-0.0,-0.0,-0.0,-0.0,0.0,-0.0,-0.0,0.0
-3.2280343696933365,-0.0,3.8085506757826995,0.0,-0.0,-0.5585339778435399,21.303173195084184,-5.0022530596929355,2.645748356388049,14.682576655068695,10.101008611284831,-7.497576622736523,17.526464640829563,-0.0,8.124260193733216,0.0,1.692251224781897,0.5864602617905829,0.24111352346688505,-0.0,8.926884305914893,0.0,-0.0,7.5535538163969465,-0.0,-13.09501503501134,14.566852532099444,19.063664778926423,-0.0,12.096364171320765,0.0,-0.0,-4.080498491228061,-9.482490420940147,-6.198717499039552,-11.9992994020984,0.0,-1.0191363813700156,-0.0,0.0
-1.0181823266206513,-0.0,1.2012880112207336,0.0,-0.0,-0.17617204773177436,6.719418681478942,-1.5778040365621262,0.8345184433138065,4.631158887215972,3.1860467613392442,-2.3648756907379824,5.528174270068169,-0.0,2.562543392904663,0.0,0.5337676405963316,0.18498051923691836,0.07605170831143855,-0.0,2.8157060276075305,0.0,-0.0,2.382531943042471,-0.0,-4.130412303121451,4.5946573375803155,6.013035902206781,-0.0,3.8154191700183513,0.0,-0.0,-1.2870654310800724,-2.9909545727259697,-1.9551912657720003,-3.784803129034527,0.0,-0.3214546479644987,-0.0,0.0
-1.6515335615229951,-0.0,1.948538504072296,0.0,-0.0,-0.2857582987095576,10.89917314045233,-2.559262964755485,1.3536231977400761,7.511929966775298,5.167898732241344,-3.835925521361762,8.966925767870903,-0.0,4.1565506546234126,0.0,0.8657930406488219,0.3000460013499554,0.12335899514615534,-0.0,4.567190848234972,0.0,-0.0,3.8645646879326074,-0.0,-6.699698436303824,7.452722953753411,9.753391253703363,-0.0,6.188766634240763,0.0,-0.0,-2.0876730028891544,-4.8514511877674735,-3.171400553903104,-6.139106158033551,0.0,-0.521412644612448,-0.0,0.0
-0.3128927946897726,-0.0,0.3691621365160618,0.0,-0.0,-0.0541385986770838,2.0649127714843307,-0.48486749530534884,0.2564519154592439,1.4231795317866132,0.9790889599080138,-0.7267387624226571,1.6988370861186386,-0.0,0.7874830889875412,0.0,0.16402960885744852,0.0568454883903803,0.02337109074901789,-0.0,0.8652813007735516,0.0,-0.0,0.7321646218025138,-0.0,-1.2692974676098434,1.4119624132240522,1.8478376208472462,-0.0,1.1724984178248856,0.0,-0.0,-0.39552198967727864,-0.9191361022307908,-0.6008405796345778,-1.1630899470870761,0.0,-0.09878470735340397,-0.0,0.0
-0.12763663044967605,-0.0,0.15059027243254566,0.0,-0.0,-0.02208445969253293,0.8423284677618583,-0.1977893207055423,0.10461301416044717,0.5805497699053548,0.399394354469044,-0.29645453147862966,0.6929972343086899,-0.0,0.3212336292822838,0.0,0.0669116928349242,0.02318866627020951,0.009533640031870454,-0.0,0.3529694243402107,0.0,-0.0,0.29866787234263176,-0.0,-0.5177775089536848,0.575974032652922,0.7537781999004841,-0.0,0.47829080694275394,0.0,-0.0,-0.1613431018161107,-0.3749381161995219,-0.2450975807800999,-0.47445286141304294,0.0,-0.04029670034123655,-0.0,0.0
0.0,0.0,40.288425,-40.288425
0.0,0.0,0.0,-0.0
0.0,0.0,51.39857,-51.39857
0.0,0.0,0.0,-0.0
0.0,0.0,0.0,-0.0
0.0,0.0,2.6145859,-2.6145859
0.0,0.0,0.5414635,-0.5414635
0.0,0.0,14.588445,-14.588445
0.0,0.0,0.9659107,-0.9659107
0.0,0.0,12.95602,-12.95602
0.0,0.0,32.953403,-32.953403
0.0,0.0,57.714535,-57.714535
0.0,0.0,3.8816001,-3.8816001
0.0,0.0,0.0,-0.0
0.0,0.0,5.734182,-5.734182
0.0,0.0,0.0,-0.0
0.0,0.0,4.594378,-4.594378
0.0,0.0,41.362988,-41.362988
0.0,0.0,17.511286,-17.511286
0.0,0.0,0.0,-0.0
0.0,0.0,36.1903,-36.1903
0.0,0.0,0.0,-0.0
0.0,0.0,0.0,-0.0
0.0,0.0,19.493439,-19.493439
0.0,0.0,0.0,-0.0
0.0,0.0,21.197317,-21.197317
0.0,0.0,29.16065,-29.16065
0.0,0.0,40.050426,-40.050426
0.0,0.0,0.0,-0.0
0.0,0.0,17.50841,-17.50841
0.0,0.0,0.0,-0.0
0.0,0.0,0.0,-0.0
0.0,0.0,19.754936,-19.754936
0.0,0.0,12.308125,-12.308125
0.0,0.0,2.4004128,-2.4004128
0.0,0.0,17.954576,-17.954576
0.0,0.0,0.0,-0.0
0.0,0.0,22.671131,-22.671131
0.0,0.0,0.0,-0.0
0.0,0.0,0.0,-0.0
